{
    "Aplicacion": "D-024-EEWeb", 
    "Prioridades": [
        {
            "Archivos": [], 
            "Nombre": "comentarios", 
            "Numero": "3"
        }, 
        {
            "Archivos": [
                {
                    "Archivo": "/home/javamantis1/Documentos/Analizar/Axa02Collection/D-024-EEWeb/expedientee/WEB-INF/classes/com/isa/simple/SimpleSystem.properties", 
                    "Cadena": [
                        "(^(?!.*[s|S][e|E][r|R][v|V][i|I][c|C][i|I][o|O][s|S]).*)(^(?!.*[a|A][p|P][p|P][s|S][e|E][r|R][v|V][e|E][r|R]))(^(?!.*[L|l][O|o][C|c][A|a][L|l][H|h][O|o][S|s][T|t]))(^(?!.*[uU][rR][lL]_[pP][rR][o|O][g|G][rR][eE][sS][sS]))(^(?!.*[J|j][d|D][b|B][c|C]))(^(?!.*[a|A][g|G][e|E][n|N][t|T][e|E][s|S]))(^(?!.*[M|m][O|o][N|n][G|g][O|o][D|d][B|b]).*)((.*):([0-9]{2,5})/)"
                    ], 
                    "Extension": ".properties", 
                    "Hardcode": "false", 
                    "Lineas": [
                        {
                            "Linea": 9, 
                            "Texto": "link.action=http://ntpegasotla:9090/ExpedienteE/\n", 
                            "url": "http://ntpegasotla:9090/ExpedienteE/"
                        }
                    ], 
                    "NombreCad": "IP", 
                    "Repeticiones": 1
                }, 
                {
                    "Archivo": "/home/javamantis1/Documentos/Analizar/Axa02Collection/D-024-EEWeb/expedientee/WEB-INF/classes/com/ing/net/dbconfig.xml", 
                    "Cadena": [
                        "(^(?!.*[L|l][O|o][C|c][A|a][L|l][H|h][O|o][S|s][T|t]))(.*)[J|j][d|D][b|B][c|C]:(.*)://(.*):[0-9]{2,5}/(.*)"
                    ], 
                    "Extension": ".xml", 
                    "Hardcode": "false", 
                    "Lineas": [
                        {
                            "Linea": 6, 
                            "Texto": "               url=\"jdbc:informix-sqli://10.212.49.11:1630/expedientes:INFORMIXSERVER=desatcpexp\"\n", 
                            "url": "jdbc:informix-sqli://10.212.49.11:1630/expedientes:INFORMIXSERVER=desatcpexp"
                        }, 
                        {
                            "Linea": 32, 
                            "Texto": "               url=\"jdbc:informix-sqli://10.212.49.2:1591/expedientes:INFORMIXSERVER=prodtcpexpdte\"\n", 
                            "url": "jdbc:informix-sqli://10.212.49.2:1591/expedientes:INFORMIXSERVER=prodtcpexpdte"
                        }
                    ], 
                    "NombreCad": "JDBC", 
                    "Repeticiones": 2
                }, 
                {
                    "Archivo": "/home/javamantis1/Documentos/Analizar/Axa02Collection/D-024-EEWeb/expedientee/WEB-INF/classes/com/ing/net/dbconfig.xml~", 
                    "Cadena": [
                        "(^(?!.*[L|l][O|o][C|c][A|a][L|l][H|h][O|o][S|s][T|t]))(.*)[J|j][d|D][b|B][c|C]:(.*)://(.*):[0-9]{2,5}/(.*)"
                    ], 
                    "Extension": ".xml", 
                    "Hardcode": "false", 
                    "Lineas": [
                        {
                            "Linea": 6, 
                            "Texto": "               url=\"jdbc:informix-sqli://10.212.49.11:1630/expedientes:INFORMIXSERVER=desatcpexp\"\n", 
                            "url": "jdbc:informix-sqli://10.212.49.11:1630/expedientes:INFORMIXSERVER=desatcpexp"
                        }, 
                        {
                            "Linea": 32, 
                            "Texto": "               url=\"jdbc:informix-sqli://10.212.49.2:1590/expedientes:INFORMIXSERVER=prodtcpexp\"\n", 
                            "url": "jdbc:informix-sqli://10.212.49.2:1590/expedientes:INFORMIXSERVER=prodtcpexp"
                        }
                    ], 
                    "NombreCad": "JDBC", 
                    "Repeticiones": 2
                }, 
                {
                    "Archivo": "/home/javamantis1/Documentos/Analizar/Axa02Collection/D-024-EEWeb/defaultroot/WEB-INF/classes/com/isa/simple/SimpleSystem.properties", 
                    "Cadena": [
                        "(^(?!.*[s|S][e|E][r|R][v|V][i|I][c|C][i|I][o|O][s|S]).*)(^(?!.*[a|A][p|P][p|P][s|S][e|E][r|R][v|V][e|E][r|R]))(^(?!.*[L|l][O|o][C|c][A|a][L|l][H|h][O|o][S|s][T|t]))(^(?!.*[uU][rR][lL]_[pP][rR][o|O][g|G][rR][eE][sS][sS]))(^(?!.*[J|j][d|D][b|B][c|C]))(^(?!.*[a|A][g|G][e|E][n|N][t|T][e|E][s|S]))(^(?!.*[M|m][O|o][N|n][G|g][O|o][D|d][B|b]).*)((.*):([0-9]{2,5})/)"
                    ], 
                    "Extension": ".properties", 
                    "Hardcode": "false", 
                    "Lineas": [
                        {
                            "Linea": 9, 
                            "Texto": "link.action=http://130.2.5.242:9090/\r\n", 
                            "url": "http://130.2.5.242:9090/"
                        }
                    ], 
                    "NombreCad": "IP", 
                    "Repeticiones": 1
                }, 
                {
                    "Archivo": "/home/javamantis1/Documentos/Analizar/Axa02Collection/D-024-EEWeb/defaultroot/WEB-INF/classes/com/ing/net/dbconfig.xml", 
                    "Cadena": [
                        "(^(?!.*[L|l][O|o][C|c][A|a][L|l][H|h][O|o][S|s][T|t]))(.*)[J|j][d|D][b|B][c|C]:(.*)://(.*):[0-9]{2,5}/(.*)"
                    ], 
                    "Extension": ".xml", 
                    "Hardcode": "false", 
                    "Lineas": [
                        {
                            "Linea": 6, 
                            "Texto": "               url=\"jdbc:informix-sqli://10.212.49.11:1630/expedientes:INFORMIXSERVER=desatcpexp\"\r\n", 
                            "url": "jdbc:informix-sqli://10.212.49.11:1630/expedientes:INFORMIXSERVER=desatcpexp"
                        }, 
                        {
                            "Linea": 32, 
                            "Texto": "               url=\"jdbc:informix-sqli://10.212.49.2:1590/expedientes:INFORMIXSERVER=prodtcpexp\"\r\n", 
                            "url": "jdbc:informix-sqli://10.212.49.2:1590/expedientes:INFORMIXSERVER=prodtcpexp"
                        }
                    ], 
                    "NombreCad": "JDBC", 
                    "Repeticiones": 2
                }, 
                {
                    "Archivo": "/home/javamantis1/Documentos/Analizar/Axa02Collection/D-024-EEWeb/env/local/com/isa/simple/SimpleSystem.properties", 
                    "Cadena": [
                        "(^(?!.*[s|S][e|E][r|R][v|V][i|I][c|C][i|I][o|O][s|S]).*)(^(?!.*[a|A][p|P][p|P][s|S][e|E][r|R][v|V][e|E][r|R]))(^(?!.*[L|l][O|o][C|c][A|a][L|l][H|h][O|o][S|s][T|t]))(^(?!.*[uU][rR][lL]_[pP][rR][o|O][g|G][rR][eE][sS][sS]))(^(?!.*[J|j][d|D][b|B][c|C]))(^(?!.*[a|A][g|G][e|E][n|N][t|T][e|E][s|S]))(^(?!.*[M|m][O|o][N|n][G|g][O|o][D|d][B|b]).*)((.*):([0-9]{2,5})/)"
                    ], 
                    "Extension": ".properties", 
                    "Hardcode": "false", 
                    "Lineas": [
                        {
                            "Linea": 12, 
                            "Texto": "link.action=http://ntdesa02:9090/ExpedienteE/\r\n", 
                            "url": "http://ntdesa02:9090/ExpedienteE/"
                        }
                    ], 
                    "NombreCad": "IP", 
                    "Repeticiones": 1
                }, 
                {
                    "Archivo": "/home/javamantis1/Documentos/Analizar/Axa02Collection/D-024-EEWeb/env/local/com/ing/net/dbconfig.xml", 
                    "Cadena": [
                        "(^(?!.*[L|l][O|o][C|c][A|a][L|l][H|h][O|o][S|s][T|t]))(.*)[J|j][d|D][b|B][c|C]:(.*)://(.*):[0-9]{2,5}/(.*)"
                    ], 
                    "Extension": ".xml", 
                    "Hardcode": "false", 
                    "Lineas": [
                        {
                            "Linea": 6, 
                            "Texto": "               url=\"jdbc:informix-sqli://10.212.49.11:1630/expedientes:INFORMIXSERVER=desatcpexp\"\r\n", 
                            "url": "jdbc:informix-sqli://10.212.49.11:1630/expedientes:INFORMIXSERVER=desatcpexp"
                        }, 
                        {
                            "Linea": 32, 
                            "Texto": "               url=\"jdbc:informix-sqli://10.212.49.2:1590/expedientes:INFORMIXSERVER=prodtcpexp\"\r\n", 
                            "url": "jdbc:informix-sqli://10.212.49.2:1590/expedientes:INFORMIXSERVER=prodtcpexp"
                        }
                    ], 
                    "NombreCad": "JDBC", 
                    "Repeticiones": 2
                }, 
                {
                    "Archivo": "/home/javamantis1/Documentos/Analizar/Axa02Collection/D-024-EEWeb/env/qa/com/isa/simple/SimpleSystem.properties", 
                    "Cadena": [
                        "(^(?!.*[s|S][e|E][r|R][v|V][i|I][c|C][i|I][o|O][s|S]).*)(^(?!.*[a|A][p|P][p|P][s|S][e|E][r|R][v|V][e|E][r|R]))(^(?!.*[L|l][O|o][C|c][A|a][L|l][H|h][O|o][S|s][T|t]))(^(?!.*[uU][rR][lL]_[pP][rR][o|O][g|G][rR][eE][sS][sS]))(^(?!.*[J|j][d|D][b|B][c|C]))(^(?!.*[a|A][g|G][e|E][n|N][t|T][e|E][s|S]))(^(?!.*[M|m][O|o][N|n][G|g][O|o][D|d][B|b]).*)((.*):([0-9]{2,5})/)"
                    ], 
                    "Extension": ".properties", 
                    "Hardcode": "false", 
                    "Lineas": [
                        {
                            "Linea": 12, 
                            "Texto": "link.action=http://ntdesa02:9090/ExpedienteE/\r\n", 
                            "url": "http://ntdesa02:9090/ExpedienteE/"
                        }
                    ], 
                    "NombreCad": "IP", 
                    "Repeticiones": 1
                }, 
                {
                    "Archivo": "/home/javamantis1/Documentos/Analizar/Axa02Collection/D-024-EEWeb/env/qa/com/ing/net/dbconfig.xml", 
                    "Cadena": [
                        "(^(?!.*[L|l][O|o][C|c][A|a][L|l][H|h][O|o][S|s][T|t]))(.*)[J|j][d|D][b|B][c|C]:(.*)://(.*):[0-9]{2,5}/(.*)"
                    ], 
                    "Extension": ".xml", 
                    "Hardcode": "false", 
                    "Lineas": [
                        {
                            "Linea": 6, 
                            "Texto": "               url=\"jdbc:informix-sqli://10.212.226.170:1660/expedientes:INFORMIXSERVER=tsttcpexpdte\"\r\n", 
                            "url": "jdbc:informix-sqli://10.212.226.170:1660/expedientes:INFORMIXSERVER=tsttcpexpdte"
                        }, 
                        {
                            "Linea": 32, 
                            "Texto": "               url=\"jdbc:informix-sqli://10.212.49.2:1590/expedientes:INFORMIXSERVER=prodtcpexp\"\r\n", 
                            "url": "jdbc:informix-sqli://10.212.49.2:1590/expedientes:INFORMIXSERVER=prodtcpexp"
                        }
                    ], 
                    "NombreCad": "JDBC", 
                    "Repeticiones": 2
                }, 
                {
                    "Archivo": "/home/javamantis1/Documentos/Analizar/Axa02Collection/D-024-EEWeb/env/dev/com/isa/simple/SimpleSystem.properties", 
                    "Cadena": [
                        "(^(?!.*[s|S][e|E][r|R][v|V][i|I][c|C][i|I][o|O][s|S]).*)(^(?!.*[a|A][p|P][p|P][s|S][e|E][r|R][v|V][e|E][r|R]))(^(?!.*[L|l][O|o][C|c][A|a][L|l][H|h][O|o][S|s][T|t]))(^(?!.*[uU][rR][lL]_[pP][rR][o|O][g|G][rR][eE][sS][sS]))(^(?!.*[J|j][d|D][b|B][c|C]))(^(?!.*[a|A][g|G][e|E][n|N][t|T][e|E][s|S]))(^(?!.*[M|m][O|o][N|n][G|g][O|o][D|d][B|b]).*)((.*):([0-9]{2,5})/)"
                    ], 
                    "Extension": ".properties", 
                    "Hardcode": "false", 
                    "Lineas": [
                        {
                            "Linea": 12, 
                            "Texto": "link.action=http://ntdesa02:9090/ExpedienteE/\r\n", 
                            "url": "http://ntdesa02:9090/ExpedienteE/"
                        }
                    ], 
                    "NombreCad": "IP", 
                    "Repeticiones": 1
                }, 
                {
                    "Archivo": "/home/javamantis1/Documentos/Analizar/Axa02Collection/D-024-EEWeb/env/prod/com/isa/simple/SimpleSystem.properties", 
                    "Cadena": [
                        "(^(?!.*[s|S][e|E][r|R][v|V][i|I][c|C][i|I][o|O][s|S]).*)(^(?!.*[a|A][p|P][p|P][s|S][e|E][r|R][v|V][e|E][r|R]))(^(?!.*[L|l][O|o][C|c][A|a][L|l][H|h][O|o][S|s][T|t]))(^(?!.*[uU][rR][lL]_[pP][rR][o|O][g|G][rR][eE][sS][sS]))(^(?!.*[J|j][d|D][b|B][c|C]))(^(?!.*[a|A][g|G][e|E][n|N][t|T][e|E][s|S]))(^(?!.*[M|m][O|o][N|n][G|g][O|o][D|d][B|b]).*)((.*):([0-9]{2,5})/)"
                    ], 
                    "Extension": ".properties", 
                    "Hardcode": "false", 
                    "Lineas": [
                        {
                            "Linea": 9, 
                            "Texto": "link.action=http://ntpegasotla:9090/ExpedienteE/\r\n", 
                            "url": "http://ntpegasotla:9090/ExpedienteE/"
                        }
                    ], 
                    "NombreCad": "IP", 
                    "Repeticiones": 1
                }, 
                {
                    "Archivo": "/home/javamantis1/Documentos/Analizar/Axa02Collection/D-024-EEWeb/env/prod/com/ing/net/dbconfig.xml", 
                    "Cadena": [
                        "(^(?!.*[L|l][O|o][C|c][A|a][L|l][H|h][O|o][S|s][T|t]))(.*)[J|j][d|D][b|B][c|C]:(.*)://(.*):[0-9]{2,5}/(.*)"
                    ], 
                    "Extension": ".xml", 
                    "Hardcode": "false", 
                    "Lineas": [
                        {
                            "Linea": 6, 
                            "Texto": "               url=\"jdbc:informix-sqli://10.212.49.2:1591/expedientes:INFORMIXSERVER=prodtcpexpdte\"\r\n", 
                            "url": "jdbc:informix-sqli://10.212.49.2:1591/expedientes:INFORMIXSERVER=prodtcpexpdte"
                        }, 
                        {
                            "Linea": 30, 
                            "Texto": "               url=\"jdbc:informix-sqli://10.212.213.32:1660/expedientes:INFORMIXSERVER=protcpexpdte\"\r\n", 
                            "url": "jdbc:informix-sqli://10.212.213.32:1660/expedientes:INFORMIXSERVER=protcpexpdte"
                        }, 
                        {
                            "Linea": 56, 
                            "Texto": "               url=\"jdbc:informix-sqli://10.212.213.32:1660/expedientes:INFORMIXSERVER=protcpexpdte\"\r\n", 
                            "url": "jdbc:informix-sqli://10.212.213.32:1660/expedientes:INFORMIXSERVER=protcpexpdte"
                        }
                    ], 
                    "NombreCad": "JDBC", 
                    "Repeticiones": 3
                }, 
                {
                    "Archivo": "/home/javamantis1/Documentos/Analizar/Axa02Collection/D-024-EEWeb/src/com/isa/simple/SimpleSystem.properties", 
                    "Cadena": [
                        "(^(?!.*[s|S][e|E][r|R][v|V][i|I][c|C][i|I][o|O][s|S]).*)(^(?!.*[a|A][p|P][p|P][s|S][e|E][r|R][v|V][e|E][r|R]))(^(?!.*[L|l][O|o][C|c][A|a][L|l][H|h][O|o][S|s][T|t]))(^(?!.*[uU][rR][lL]_[pP][rR][o|O][g|G][rR][eE][sS][sS]))(^(?!.*[J|j][d|D][b|B][c|C]))(^(?!.*[a|A][g|G][e|E][n|N][t|T][e|E][s|S]))(^(?!.*[M|m][O|o][N|n][G|g][O|o][D|d][B|b]).*)((.*):([0-9]{2,5})/)"
                    ], 
                    "Extension": ".properties", 
                    "Hardcode": "false", 
                    "Lineas": [
                        {
                            "Linea": 9, 
                            "Texto": "link.action=http://130.2.5.242:9090/\r\n", 
                            "url": "http://130.2.5.242:9090/"
                        }
                    ], 
                    "NombreCad": "IP", 
                    "Repeticiones": 1
                }, 
                {
                    "Archivo": "/home/javamantis1/Documentos/Analizar/Axa02Collection/D-024-EEWeb/src/com/ing/net/dbconfig.xml", 
                    "Cadena": [
                        "(^(?!.*[L|l][O|o][C|c][A|a][L|l][H|h][O|o][S|s][T|t]))(.*)[J|j][d|D][b|B][c|C]:(.*)://(.*):[0-9]{2,5}/(.*)"
                    ], 
                    "Extension": ".xml", 
                    "Hardcode": "false", 
                    "Lineas": [
                        {
                            "Linea": 6, 
                            "Texto": "               url=\"jdbc:informix-sqli://10.212.49.11:1630/expedientes:INFORMIXSERVER=desatcpexp\"\r\n", 
                            "url": "jdbc:informix-sqli://10.212.49.11:1630/expedientes:INFORMIXSERVER=desatcpexp"
                        }, 
                        {
                            "Linea": 32, 
                            "Texto": "               url=\"jdbc:informix-sqli://10.212.49.2:1590/expedientes:INFORMIXSERVER=prodtcpexp\"\r\n", 
                            "url": "jdbc:informix-sqli://10.212.49.2:1590/expedientes:INFORMIXSERVER=prodtcpexp"
                        }
                    ], 
                    "NombreCad": "JDBC", 
                    "Repeticiones": 2
                }
            ], 
            "Nombre": "Sin hardcode", 
            "Numero": "1"
        }, 
        {
            "Archivos": [], 
            "Nombre": "HardCode", 
            "Numero": "2"
        }
    ]
}