{
    "Aplicacion": "D-094-UnitLinkWS", 
    "Prioridades": [
        {
            "Archivos": [], 
            "Nombre": "comentarios", 
            "Numero": "3"
        }, 
        {
            "Archivos": [
                {
                    "Archivo": "/home/javamantis1/Documentos/Analizar/Axa02Collection/D-094-UnitLinkWS/Flujo_VidaIntegrador/VidaIntegrador-Ant/Dev/vida-integrador-dev.properties", 
                    "Cadena": [
                        "(^(?!.*[L|l][O|o][C|c][A|a][L|l][H|h][O|o][S|s][T|t]))(.*)[s|S][e|E][r|R][v|V][i|I][c|C][i|I][o|O][s|S][w|W][e|E][b|B](.*)"
                    ], 
                    "Extension": ".properties", 
                    "Hardcode": "false", 
                    "Lineas": [
                        {
                            "Linea": 11, 
                            "Texto": "endpoint.javaUnitLink=http://servicioswebdev.axa.com.mx:9213/UnitLinkWS/consulta/informaciongeneral\r\n", 
                            "url": "http://servicioswebdev.axa.com.mx:9213/UnitLinkWS/consulta/informaciongeneral"
                        }
                    ], 
                    "NombreCad": "Datapower", 
                    "Repeticiones": 1
                }, 
                {
                    "Archivo": "/home/javamantis1/Documentos/Analizar/Axa02Collection/D-094-UnitLinkWS/Flujo_VidaIntegrador/VidaIntegrador-Ant/Dev/vida-integrador-dev.properties", 
                    "Cadena": [
                        "(^(?!.*[s|S][e|E][r|R][v|V][i|I][c|C][i|I][o|O][s|S]).*)(^(?!.*[a|A][p|P][p|P][s|S][e|E][r|R][v|V][e|E][r|R]))(^(?!.*[L|l][O|o][C|c][A|a][L|l][H|h][O|o][S|s][T|t]))(^(?!.*[uU][rR][lL]_[pP][rR][o|O][g|G][rR][eE][sS][sS]))(^(?!.*[J|j][d|D][b|B][c|C]))(^(?!.*[a|A][g|G][e|E][n|N][t|T][e|E][s|S]))(^(?!.*[M|m][O|o][N|n][G|g][O|o][D|d][B|b]).*)((.*):([0-9]{2,5})/)"
                    ], 
                    "Extension": ".properties", 
                    "Hardcode": "false", 
                    "Lineas": [
                        {
                            "Linea": 12, 
                            "Texto": "endpoint.progressUnitlink=http://lu2app87:8282/AxaServices/vida\r\n", 
                            "url": "http://lu2app87:8282/AxaServices/vida"
                        }
                    ], 
                    "NombreCad": "IP", 
                    "Repeticiones": 1
                }, 
                {
                    "Archivo": "/home/javamantis1/Documentos/Analizar/Axa02Collection/D-094-UnitLinkWS/Flujo_VidaIntegrador/VidaIntegrador-Ant/Qa/vida-integrador-qa.properties", 
                    "Cadena": [
                        "(^(?!.*[L|l][O|o][C|c][A|a][L|l][H|h][O|o][S|s][T|t]))(.*)[s|S][e|E][r|R][v|V][i|I][c|C][i|I][o|O][s|S][w|W][e|E][b|B](.*)"
                    ], 
                    "Extension": ".properties", 
                    "Hardcode": "false", 
                    "Lineas": [
                        {
                            "Linea": 11, 
                            "Texto": "endpoint.javaUnitLink=http://servicioswebqa.axa.com.mx:9213/UnitLinkWS/consulta/informaciongeneral\r\n", 
                            "url": "http://servicioswebqa.axa.com.mx:9213/UnitLinkWS/consulta/informaciongeneral"
                        }
                    ], 
                    "NombreCad": "Datapower", 
                    "Repeticiones": 1
                }, 
                {
                    "Archivo": "/home/javamantis1/Documentos/Analizar/Axa02Collection/D-094-UnitLinkWS/Flujo_VidaIntegrador/VidaIntegrador-Ant/Qa/vida-integrador-qa.properties", 
                    "Cadena": [
                        "(^(?!.*[s|S][e|E][r|R][v|V][i|I][c|C][i|I][o|O][s|S]).*)(^(?!.*[a|A][p|P][p|P][s|S][e|E][r|R][v|V][e|E][r|R]))(^(?!.*[L|l][O|o][C|c][A|a][L|l][H|h][O|o][S|s][T|t]))(^(?!.*[uU][rR][lL]_[pP][rR][o|O][g|G][rR][eE][sS][sS]))(^(?!.*[J|j][d|D][b|B][c|C]))(^(?!.*[a|A][g|G][e|E][n|N][t|T][e|E][s|S]))(^(?!.*[M|m][O|o][N|n][G|g][O|o][D|d][B|b]).*)((.*):([0-9]{2,5})/)"
                    ], 
                    "Extension": ".properties", 
                    "Hardcode": "false", 
                    "Lineas": [
                        {
                            "Linea": 12, 
                            "Texto": "endpoint.progressUnitlink=http://lu2app88:8282/AxaServices/vida\r\n", 
                            "url": "http://lu2app88:8282/AxaServices/vida"
                        }
                    ], 
                    "NombreCad": "IP", 
                    "Repeticiones": 1
                }, 
                {
                    "Archivo": "/home/javamantis1/Documentos/Analizar/Axa02Collection/D-094-UnitLinkWS/Flujo_VidaIntegrador/VidaIntegrador-Ant/Prod/vida-integrador-prod.properties", 
                    "Cadena": [
                        "(^(?!.*[L|l][O|o][C|c][A|a][L|l][H|h][O|o][S|s][T|t]))(.*)[s|S][e|E][r|R][v|V][i|I][c|C][i|I][o|O][s|S][w|W][e|E][b|B](.*)"
                    ], 
                    "Extension": ".properties", 
                    "Hardcode": "false", 
                    "Lineas": [
                        {
                            "Linea": 11, 
                            "Texto": "endpoint.javaUnitLink=http://serviciosweb.axa.com.mx:9213/UnitLinkWS/consulta/informaciongeneral\r\n", 
                            "url": "http://serviciosweb.axa.com.mx:9213/UnitLinkWS/consulta/informaciongeneral"
                        }
                    ], 
                    "NombreCad": "Datapower", 
                    "Repeticiones": 1
                }, 
                {
                    "Archivo": "/home/javamantis1/Documentos/Analizar/Axa02Collection/D-094-UnitLinkWS/Flujo_VidaIntegrador/VidaIntegrador-Ant/Prod/vida-integrador-prod.properties", 
                    "Cadena": [
                        "(^(?!.*[s|S][e|E][r|R][v|V][i|I][c|C][i|I][o|O][s|S]).*)(^(?!.*[a|A][p|P][p|P][s|S][e|E][r|R][v|V][e|E][r|R]))(^(?!.*[L|l][O|o][C|c][A|a][L|l][H|h][O|o][S|s][T|t]))(^(?!.*[uU][rR][lL]_[pP][rR][o|O][g|G][rR][eE][sS][sS]))(^(?!.*[J|j][d|D][b|B][c|C]))(^(?!.*[a|A][g|G][e|E][n|N][t|T][e|E][s|S]))(^(?!.*[M|m][O|o][N|n][G|g][O|o][D|d][B|b]).*)((.*):([0-9]{2,5})/)"
                    ], 
                    "Extension": ".properties", 
                    "Hardcode": "false", 
                    "Lineas": [
                        {
                            "Linea": 12, 
                            "Texto": "endpoint.progressUnitlink=http://progress-apps.axa.com.mx:8282/AxaServices/vida\r\n", 
                            "url": "http://progress-apps.axa.com.mx:8282/AxaServices/vida"
                        }
                    ], 
                    "NombreCad": "IP", 
                    "Repeticiones": 1
                }
            ], 
            "Nombre": "Sin hardcode", 
            "Numero": "1"
        }, 
        {
            "Archivos": [], 
            "Nombre": "HardCode", 
            "Numero": "2"
        }
    ]
}