{
    "Aplicacion": "D-132-SPAD", 
    "Prioridades": [
        {
            "Archivos": [], 
            "Nombre": "comentarios", 
            "Numero": "3"
        }, 
        {
            "Archivos": [
                {
                    "Archivo": "/home/javamantis1/Documentos/Analizar/Axa02Collection/D-132-SPAD/spad/pom.xml", 
                    "Cadena": [
                        "(^(?!.*[s|S][e|E][r|R][v|V][i|I][c|C][i|I][o|O][s|S]).*)(^(?!.*[a|A][p|P][p|P][s|S][e|E][r|R][v|V][e|E][r|R]))(^(?!.*[L|l][O|o][C|c][A|a][L|l][H|h][O|o][S|s][T|t]))(^(?!.*[uU][rR][lL]_[pP][rR][o|O][g|G][rR][eE][sS][sS]))(^(?!.*[J|j][d|D][b|B][c|C]))(^(?!.*[a|A][g|G][e|E][n|N][t|T][e|E][s|S]))(^(?!.*[M|m][O|o][N|n][G|g][O|o][D|d][B|b]).*)((.*):([0-9]{2,5})/)"
                    ], 
                    "Extension": ".xml", 
                    "Hardcode": "false", 
                    "Lineas": [
                        {
                            "Linea": 34, 
                            "Texto": "\t\t\t<url>http://artifactory.axa.com.mx:8082/artifactory/libs-release</url>\r\n", 
                            "url": "http://artifactory.axa.com.mx:8082/artifactory/libs-release"
                        }
                    ], 
                    "NombreCad": "IP", 
                    "Repeticiones": 1
                }
            ], 
            "Nombre": "Sin hardcode", 
            "Numero": "1"
        }, 
        {
            "Archivos": [], 
            "Nombre": "HardCode", 
            "Numero": "2"
        }
    ]
}