{
    "Aplicacion": "D-143-02CotizadorSalud-webapp", 
    "Prioridades": [
        {
            "Archivos": [
                {
                    "Archivo": "/home/javamantis1/Documentos/Analizar/AxaJava/D-143-02CotizadorSalud/D-143-02CotizadorSalud-webapp/src/main/profiles/preprod/config.properties", 
                    "Cadena": [
                        "(^(?!.*[L|l][O|o][C|c][A|a][L|l][H|h][O|o][S|s][T|t]))(.*)[s|S][e|E][r|R][v|V][i|I][c|C][i|I][o|O][s|S][w|W][e|E][b|B](.*)"
                    ], 
                    "Extension": ".properties", 
                    "Hardcode": "false", 
                    "Lineas": [
                        {
                            "Linea": 2, 
                            "Texto": "#urlNode=http\\://servicioswebpreprod.axa.com.mx\\:9253/\r\n", 
                            "url": "http\\://servicioswebpreprod.axa.com.mx\\:9253/"
                        }
                    ], 
                    "NombreCad": "Datapower", 
                    "Repeticiones": 1
                }
            ], 
            "Nombre": "comentarios", 
            "Numero": "3"
        }, 
        {
            "Archivos": [
                {
                    "Archivo": "/home/javamantis1/Documentos/Analizar/AxaJava/D-143-02CotizadorSalud/D-143-02CotizadorSalud-webapp/src/main/profiles/qa/config.properties", 
                    "Cadena": [
                        "(^(?!.*[L|l][O|o][C|c][A|a][L|l][H|h][O|o][S|s][T|t]))(.*)[s|S][e|E][r|R][v|V][i|I][c|C][i|I][o|O][s|S][w|W][e|E][b|B](.*)"
                    ], 
                    "Extension": ".properties", 
                    "Hardcode": "false", 
                    "Lineas": [
                        {
                            "Linea": 1, 
                            "Texto": "urlNode=http://servicioswebqa.axa.com.mx:9276/CotizadorSaludServicios/AccesoDatos/\r\n", 
                            "url": "http://servicioswebqa.axa.com.mx:9276/CotizadorSaludServicios/AccesoDatos/"
                        }, 
                        {
                            "Linea": 10, 
                            "Texto": "urlNodeSepomex=http://servicioswebqa.axa.com.mx:7850/CodigosPostalesBancs/services/SepomexWS/?wsdl\r\n", 
                            "url": "http://servicioswebqa.axa.com.mx:7850/CodigosPostalesBancs/services/SepomexWS/?wsdl"
                        }, 
                        {
                            "Linea": 13, 
                            "Texto": "urlNodeCallidus=http://servicioswebqa.axa.com.mx:9152/ConsultaAgentes/services/ConsultaDetallesAgente?wsdl\r\n", 
                            "url": "http://servicioswebqa.axa.com.mx:9152/ConsultaAgentes/services/ConsultaDetallesAgente?wsdl"
                        }, 
                        {
                            "Linea": 14, 
                            "Texto": "urlEcm=http://servicioswebqa.axa.com.mx:9185/dp/services/ecm?wsdl\r\n", 
                            "url": "http://servicioswebqa.axa.com.mx:9185/dp/services/ecm?wsdl"
                        }, 
                        {
                            "Linea": 18, 
                            "Texto": "urlBpmNuevas= http://servicioswebqa.axa.com.mx:9178/teamworks/webservices/GMP/GastosMedicos?wsdl\r\n", 
                            "url": "http://servicioswebqa.axa.com.mx:9178/teamworks/webservices/GMP/GastosMedicos?wsdl"
                        }
                    ], 
                    "NombreCad": "Datapower", 
                    "Repeticiones": 5
                }, 
                {
                    "Archivo": "/home/javamantis1/Documentos/Analizar/AxaJava/D-143-02CotizadorSalud/D-143-02CotizadorSalud-webapp/src/main/profiles/qa/config.properties", 
                    "Cadena": [
                        "(^(?!.*[L|l][O|o][C|c][A|a][L|l][H|h][O|o][S|s][T|t]))(.*)://[a|A][g|G][e|E][n|N][t|T][e|E][s|S](.*)"
                    ], 
                    "Extension": ".properties", 
                    "Hardcode": "false", 
                    "Lineas": [
                        {
                            "Linea": 17, 
                            "Texto": "urlBpm=http://agentesqa.axa.com.mx:82/BpmIntegracion/service/guardarPrefolio\r\n", 
                            "url": "http://agentesqa.axa.com.mx:82/BpmIntegracion/service/guardarPrefolio"
                        }
                    ], 
                    "NombreCad": "Apache", 
                    "Repeticiones": 1
                }, 
                {
                    "Archivo": "/home/javamantis1/Documentos/Analizar/AxaJava/D-143-02CotizadorSalud/D-143-02CotizadorSalud-webapp/src/main/profiles/dev/config.properties", 
                    "Cadena": [
                        "(^(?!.*[L|l][O|o][C|c][A|a][L|l][H|h][O|o][S|s][T|t]))(.*)[s|S][e|E][r|R][v|V][i|I][c|C][i|I][o|O][s|S][w|W][e|E][b|B](.*)"
                    ], 
                    "Extension": ".properties", 
                    "Hardcode": "false", 
                    "Lineas": [
                        {
                            "Linea": 10, 
                            "Texto": "urlNodeSepomex=http://servicioswebqa.axa.com.mx:7850/CodigosPostalesBancs/services/SepomexWS/?wsdl\r\n", 
                            "url": "http://servicioswebqa.axa.com.mx:7850/CodigosPostalesBancs/services/SepomexWS/?wsdl"
                        }, 
                        {
                            "Linea": 13, 
                            "Texto": "urlNodeCallidus=http://serviciosweb.axa.com.mx:9152/ConsultaAgentes/services/ConsultaDetallesAgente?wsdl\r\n", 
                            "url": "http://serviciosweb.axa.com.mx:9152/ConsultaAgentes/services/ConsultaDetallesAgente?wsdl"
                        }, 
                        {
                            "Linea": 14, 
                            "Texto": "urlEcm=http://servicioswebqa.axa.com.mx:9185/dp/services/ecm?wsdl\r\n", 
                            "url": "http://servicioswebqa.axa.com.mx:9185/dp/services/ecm?wsdl"
                        }, 
                        {
                            "Linea": 17, 
                            "Texto": "urlBpmNuevas= http://servicioswebqa.axa.com.mx:9178/teamworks/webservices/GMP/GastosMedicos?wsdl\r\n", 
                            "url": "http://servicioswebqa.axa.com.mx:9178/teamworks/webservices/GMP/GastosMedicos?wsdl"
                        }
                    ], 
                    "NombreCad": "Datapower", 
                    "Repeticiones": 4
                }, 
                {
                    "Archivo": "/home/javamantis1/Documentos/Analizar/AxaJava/D-143-02CotizadorSalud/D-143-02CotizadorSalud-webapp/src/main/profiles/preprod/config.properties", 
                    "Cadena": [
                        "(^(?!.*[L|l][O|o][C|c][A|a][L|l][H|h][O|o][S|s][T|t]))(.*)[s|S][e|E][r|R][v|V][i|I][c|C][i|I][o|O][s|S][w|W][e|E][b|B](.*)"
                    ], 
                    "Extension": ".properties", 
                    "Hardcode": "false", 
                    "Lineas": [
                        {
                            "Linea": 23, 
                            "Texto": "urlNodeSepomex=http://servicioswebqa.axa.com.mx:7850/CodigosPostalesBancs/services/SepomexWS/?wsdl\r\n", 
                            "url": "http://servicioswebqa.axa.com.mx:7850/CodigosPostalesBancs/services/SepomexWS/?wsdl"
                        }, 
                        {
                            "Linea": 26, 
                            "Texto": "urlNodeCallidus=http://serviciosweb.axa.com.mx:9152/ConsultaAgentes/services/ConsultaDetallesAgente?wsdl\r\n", 
                            "url": "http://serviciosweb.axa.com.mx:9152/ConsultaAgentes/services/ConsultaDetallesAgente?wsdl"
                        }, 
                        {
                            "Linea": 27, 
                            "Texto": "urlEcm=http://serviciosweb.axa.com.mx:9185/dp/services/ecm?wsdl\r\n", 
                            "url": "http://serviciosweb.axa.com.mx:9185/dp/services/ecm?wsdl"
                        }, 
                        {
                            "Linea": 30, 
                            "Texto": "urlBpmNuevas= http://serviciosweb.axa.com.mx:9178/teamworks/webservices/GMP/GastosMedicos?wsdl\r\n", 
                            "url": "http://serviciosweb.axa.com.mx:9178/teamworks/webservices/GMP/GastosMedicos?wsdl"
                        }
                    ], 
                    "NombreCad": "Datapower", 
                    "Repeticiones": 4
                }, 
                {
                    "Archivo": "/home/javamantis1/Documentos/Analizar/AxaJava/D-143-02CotizadorSalud/D-143-02CotizadorSalud-webapp/src/main/profiles/prod/config.properties", 
                    "Cadena": [
                        "(^(?!.*[L|l][O|o][C|c][A|a][L|l][H|h][O|o][S|s][T|t]))(.*)[s|S][e|E][r|R][v|V][i|I][c|C][i|I][o|O][s|S][w|W][e|E][b|B](.*)"
                    ], 
                    "Extension": ".properties", 
                    "Hardcode": "false", 
                    "Lineas": [
                        {
                            "Linea": 1, 
                            "Texto": "urlNode=http://serviciosweb.axa.com.mx:9276/CotizadorSaludServicios/AccesoDatos/\r\n", 
                            "url": "http://serviciosweb.axa.com.mx:9276/CotizadorSaludServicios/AccesoDatos/"
                        }, 
                        {
                            "Linea": 11, 
                            "Texto": "urlNodeSepomex=http://serviciosweb.axa.com.mx:7815/CodigosPostalesBancs/services/SepomexWS?wsdl\r\n", 
                            "url": "http://serviciosweb.axa.com.mx:7815/CodigosPostalesBancs/services/SepomexWS?wsdl"
                        }, 
                        {
                            "Linea": 14, 
                            "Texto": "urlNodeCallidus=http://serviciosweb.axa.com.mx:9152/ConsultaAgentes/services/ConsultaDetallesAgente?wsdl\r\n", 
                            "url": "http://serviciosweb.axa.com.mx:9152/ConsultaAgentes/services/ConsultaDetallesAgente?wsdl"
                        }, 
                        {
                            "Linea": 15, 
                            "Texto": "urlEcm=http://serviciosweb.axa.com.mx:9185/dp/services/ecm?wsdl\r\n", 
                            "url": "http://serviciosweb.axa.com.mx:9185/dp/services/ecm?wsdl"
                        }, 
                        {
                            "Linea": 18, 
                            "Texto": "urlBpmNuevas= http://serviciosweb.axa.com.mx:9178/teamworks/webservices/GMP/GastosMedicos?wsdl\r\n", 
                            "url": "http://serviciosweb.axa.com.mx:9178/teamworks/webservices/GMP/GastosMedicos?wsdl"
                        }
                    ], 
                    "NombreCad": "Datapower", 
                    "Repeticiones": 5
                }
            ], 
            "Nombre": "Sin hardcode", 
            "Numero": "1"
        }, 
        {
            "Archivos": [
                {
                    "Archivo": "/home/javamantis1/Documentos/Analizar/AxaJava/D-143-02CotizadorSalud/D-143-02CotizadorSalud-webapp/src/main/java/mx/axa/salud/web/client/callidus/ConsultaDetallesAgente.java", 
                    "Cadena": [
                        "(^(?!.*[L|l][O|o][C|c][A|a][L|l][H|h][O|o][S|s][T|t]))(.*)[s|S][e|E][r|R][v|V][i|I][c|C][i|I][o|O][s|S][w|W][e|E][b|B](.*)"
                    ], 
                    "Extension": ".java", 
                    "Hardcode": "true", 
                    "Lineas": [
                        {
                            "Linea": 20, 
                            "Texto": "@WebServiceClient(name = \"ConsultaDetallesAgente\", targetNamespace = \"http://ws.agentes.consulta.infoagentes.axa.mx\", wsdlLocation = \"http://serviciosweb.axa.com.mx:9152/ConsultaAgentes/services/ConsultaDetallesAgente?wsdl\")\r\n", 
                            "url": "http://ws.agentes.consulta.infoagentes.axa.mx"
                        }, 
                        {
                            "Linea": 33, 
                            "Texto": "            url = new URL(\"http://serviciosweb.axa.com.mx:9152/ConsultaAgentes/services/ConsultaDetallesAgente?wsdl\");\r\n", 
                            "url": "http://serviciosweb.axa.com.mx:9152/ConsultaAgentes/services/ConsultaDetallesAgente?wsdl"
                        }
                    ], 
                    "NombreCad": "Datapower", 
                    "Repeticiones": 2
                }, 
                {
                    "Archivo": "/home/javamantis1/Documentos/Analizar/AxaJava/D-143-02CotizadorSalud/D-143-02CotizadorSalud-webapp/src/main/java/mx/axa/salud/web/client/bpm/GastosMedicos.java", 
                    "Cadena": [
                        "(^(?!.*[s|S][e|E][r|R][v|V][i|I][c|C][i|I][o|O][s|S]).*)(^(?!.*[a|A][p|P][p|P][s|S][e|E][r|R][v|V][e|E][r|R]))(^(?!.*[L|l][O|o][C|c][A|a][L|l][H|h][O|o][S|s][T|t]))(^(?!.*[uU][rR][lL]_[pP][rR][o|O][g|G][rR][eE][sS][sS]))(^(?!.*[J|j][d|D][b|B][c|C]))(^(?!.*[a|A][g|G][e|E][n|N][t|T][e|E][s|S]))(^(?!.*[M|m][O|o][N|n][G|g][O|o][D|d][B|b]).*)((.*):([0-9]{2,5})/)"
                    ], 
                    "Extension": ".java", 
                    "Hardcode": "true", 
                    "Lineas": [
                        {
                            "Linea": 19, 
                            "Texto": "@WebServiceClient(name = \"GastosMedicos\", targetNamespace = \"http://GMP/GastosMedicos.tws\", wsdlLocation = \"http://10.77.5.75:9178/teamworks/webservices/GMP/GastosMedicos?wsdl\")\r\n", 
                            "url": "http://GMP/GastosMedicos.tws"
                        }, 
                        {
                            "Linea": 32, 
                            "Texto": "            url = new URL(\"http://10.77.5.75:9178/teamworks/webservices/GMP/GastosMedicos?wsdl\");\r\n", 
                            "url": "http://10.77.5.75:9178/teamworks/webservices/GMP/GastosMedicos?wsdl"
                        }
                    ], 
                    "NombreCad": "IP", 
                    "Repeticiones": 2
                }, 
                {
                    "Archivo": "/home/javamantis1/Documentos/Analizar/AxaJava/D-143-02CotizadorSalud/D-143-02CotizadorSalud-webapp/src/main/java/mx/axa/salud/web/client/sepomex/SepomexWS.java", 
                    "Cadena": [
                        "(^(?!.*[L|l][O|o][C|c][A|a][L|l][H|h][O|o][S|s][T|t]))(.*)[s|S][e|E][r|R][v|V][i|I][c|C][i|I][o|O][s|S][w|W][e|E][b|B](.*)"
                    ], 
                    "Extension": ".java", 
                    "Hardcode": "true", 
                    "Lineas": [
                        {
                            "Linea": 20, 
                            "Texto": "@WebServiceClient(name = \"SepomexWS\", targetNamespace = \"http://www.axa.com.mx/services/sepomexws/\", wsdlLocation = \"http://serviciosweb.axa.com.mx:7815/CodigosPostalesBancs/services/SepomexWS?wsdl\")\r\n", 
                            "url": "http://www.axa.com.mx/services/sepomexws/"
                        }, 
                        {
                            "Linea": 33, 
                            "Texto": "            url = new URL(\"http://serviciosweb.axa.com.mx:7815/CodigosPostalesBancs/services/SepomexWS?wsdl\");\r\n", 
                            "url": "http://serviciosweb.axa.com.mx:7815/CodigosPostalesBancs/services/SepomexWS?wsdl"
                        }
                    ], 
                    "NombreCad": "Datapower", 
                    "Repeticiones": 2
                }, 
                {
                    "Archivo": "/home/javamantis1/Documentos/Analizar/AxaJava/D-143-02CotizadorSalud/D-143-02CotizadorSalud-webapp/src/main/java/mx/axa/salud/web/client/ecm/EcmWS_Service.java", 
                    "Cadena": [
                        "(^(?!.*[L|l][O|o][C|c][A|a][L|l][H|h][O|o][S|s][T|t]))(.*)[s|S][e|E][r|R][v|V][i|I][c|C][i|I][o|O][s|S][w|W][e|E][b|B](.*)"
                    ], 
                    "Extension": ".java", 
                    "Hardcode": "true", 
                    "Lineas": [
                        {
                            "Linea": 20, 
                            "Texto": "@WebServiceClient(name = \"ecmWS\", targetNamespace = \"http://axa.mx/eip/dp/gestionDocumental/ecmWS\", wsdlLocation = \"http://servicioswebqa.axa.com.mx:9185/dp/services/ecm?wsdl\")\r\n", 
                            "url": "http://axa.mx/eip/dp/gestionDocumental/ecmWS"
                        }, 
                        {
                            "Linea": 33, 
                            "Texto": "            url = new URL(\"http://servicioswebqa.axa.com.mx:9185/dp/services/ecm?wsdl\");\r\n", 
                            "url": "http://servicioswebqa.axa.com.mx:9185/dp/services/ecm?wsdl"
                        }
                    ], 
                    "NombreCad": "Datapower", 
                    "Repeticiones": 2
                }
            ], 
            "Nombre": "HardCode", 
            "Numero": "2"
        }
    ]
}