{
    "Aplicacion": "FV_002_3-reportes", 
    "Prioridades": [
        {
            "Archivos": [
                {
                    "Archivo": "/home/javamantis1/Documentos/Analizar/Axa02Collection/FV_002_3-reportes/ProgsUnix/IMSS/env/qa/pruebajaredocta.properties", 
                    "Cadena": [
                        "(^(?!.*[L|l][O|o][C|c][A|a][L|l][H|h][O|o][S|s][T|t]))(.*)[J|j][d|D][b|B][c|C]:(.*)://(.*):[0-9]{2,5}/(.*)"
                    ], 
                    "Extension": ".properties", 
                    "Hardcode": "false", 
                    "Lineas": [
                        {
                            "Linea": 12, 
                            "Texto": "#urlAgentes = jdbc:db2://10.212.213.11:50005/agentes\n", 
                            "url": "jdbc:db2://10.212.213.11:50005/agentes"
                        }, 
                        {
                            "Linea": 18, 
                            "Texto": "#urlAgentes = jdbc:db2://10.212.212.14:50010/agentes\n", 
                            "url": "jdbc:db2://10.212.212.14:50010/agentes"
                        }
                    ], 
                    "NombreCad": "JDBC", 
                    "Repeticiones": 2
                }, 
                {
                    "Archivo": "/home/javamantis1/Documentos/Analizar/Axa02Collection/FV_002_3-reportes/ProgsUnix/IMSS/env/dev/pruebajaredocta.properties", 
                    "Cadena": [
                        "(^(?!.*[L|l][O|o][C|c][A|a][L|l][H|h][O|o][S|s][T|t]))(.*)[J|j][d|D][b|B][c|C]:(.*)://(.*):[0-9]{2,5}/(.*)"
                    ], 
                    "Extension": ".properties", 
                    "Hardcode": "false", 
                    "Lineas": [
                        {
                            "Linea": 9, 
                            "Texto": "#urlAgentes = jdbc:db2://10.133.32.154:50030/DWH\n", 
                            "url": "jdbc:db2://10.133.32.154:50030/DWH"
                        }, 
                        {
                            "Linea": 13, 
                            "Texto": "#urlAgentes = jdbc:db2://10.212.213.11:50005/agentes\n", 
                            "url": "jdbc:db2://10.212.213.11:50005/agentes"
                        }, 
                        {
                            "Linea": 19, 
                            "Texto": "#urlAgentes = jdbc:db2://10.212.213.37:50030/agentes\n", 
                            "url": "jdbc:db2://10.212.213.37:50030/agentes"
                        }
                    ], 
                    "NombreCad": "JDBC", 
                    "Repeticiones": 3
                }, 
                {
                    "Archivo": "/home/javamantis1/Documentos/Analizar/Axa02Collection/FV_002_3-reportes/ProgsUnix/IMSS/env/prod/pruebajaredocta.properties", 
                    "Cadena": [
                        "(^(?!.*[L|l][O|o][C|c][A|a][L|l][H|h][O|o][S|s][T|t]))(.*)[J|j][d|D][b|B][c|C]:(.*)://(.*):[0-9]{2,5}/(.*)"
                    ], 
                    "Extension": ".properties", 
                    "Hardcode": "false", 
                    "Lineas": [
                        {
                            "Linea": 5, 
                            "Texto": "#urlAgentes = jdbc:db2://10.212.226.164:50030/agentes\r\n", 
                            "url": "jdbc:db2://10.212.226.164:50030/agentes"
                        }, 
                        {
                            "Linea": 9, 
                            "Texto": "#urlAgentes = jdbc:db2://10.212.213.11:50005/agentes\r\n", 
                            "url": "jdbc:db2://10.212.213.11:50005/agentes"
                        }, 
                        {
                            "Linea": 15, 
                            "Texto": "#urlAgentes = jdbc:db2://mxu40l3e:50010/DWH\r\n", 
                            "url": "jdbc:db2://mxu40l3e:50010/DWH"
                        }
                    ], 
                    "NombreCad": "JDBC", 
                    "Repeticiones": 3
                }, 
                {
                    "Archivo": "/home/javamantis1/Documentos/Analizar/Axa02Collection/FV_002_3-reportes/properties/connectionpool.properties", 
                    "Cadena": [
                        "(.*)[j|J][n|N][d|D][i|I][d|D][a|A][t|T][a|A][s|S][o|O][u|U][r|R][c|C][e|E][n|N][a|A][m|M][e|E]=(.*)"
                    ], 
                    "Extension": ".properties", 
                    "Hardcode": "false", 
                    "Lineas": [
                        {
                            "Linea": 111, 
                            "NombreSource": "=MyOracleDataSource", 
                            "Texto": "#\tJNDIDataSourceName=MyOracleDataSource|\\\r\n"
                        }, 
                        {
                            "Linea": 126, 
                            "NombreSource": "=dwhDS", 
                            "Texto": "#      JNDIDataSourceName=dwhDS|\\\r\n"
                        }, 
                        {
                            "Linea": 158, 
                            "NombreSource": "=dwhupdaDS", 
                            "Texto": "#      JNDIDataSourceName=dwhupdaDS|\\      \r\n"
                        }
                    ], 
                    "NombreCad": "DataSourceName", 
                    "Repeticiones": 3
                }, 
                {
                    "Archivo": "/home/javamantis1/Documentos/Analizar/Axa02Collection/FV_002_3-reportes/env/qa/properties/Reportes.properties", 
                    "Cadena": [
                        "(^(?!.*[L|l][O|o][C|c][A|a][L|l][H|h][O|o][S|s][T|t]))(.*)[a|A][p|P][p|P][s|S][e|E][r|R][v|V][e|E][r|R](.*)://(.*):[0-9]{2,5}/(.*)"
                    ], 
                    "Extension": ".properties", 
                    "Hardcode": "false", 
                    "Lineas": [
                        {
                            "Linea": 416, 
                            "Texto": "#urlServerProxyGen=AppServer://Ing_bkp2:5305/asbvidadm\r\n", 
                            "url": "AppServer://Ing_bkp2:5305/asbvidadm"
                        }, 
                        {
                            "Linea": 417, 
                            "Texto": "#urlServerProxyGen=AppServer://Ing_bkp2:5305/asbvidaweb\r\n", 
                            "url": "AppServer://Ing_bkp2:5305/asbvidaweb"
                        }
                    ], 
                    "NombreCad": "Progress", 
                    "Repeticiones": 2
                }, 
                {
                    "Archivo": "/home/javamantis1/Documentos/Analizar/Axa02Collection/FV_002_3-reportes/WebContent/WEB-INF/properties/connectionpool.properties", 
                    "Cadena": [
                        "(.*)[j|J][n|N][d|D][i|I][d|D][a|A][t|T][a|A][s|S][o|O][u|U][r|R][c|C][e|E][n|N][a|A][m|M][e|E]=(.*)"
                    ], 
                    "Extension": ".properties", 
                    "Hardcode": "false", 
                    "Lineas": [
                        {
                            "Linea": 92, 
                            "NombreSource": "=MyOracleDataSource", 
                            "Texto": "#\tJNDIDataSourceName=MyOracleDataSource|\\\r\n"
                        }, 
                        {
                            "Linea": 107, 
                            "NombreSource": "=dwhDS", 
                            "Texto": "#      JNDIDataSourceName=dwhDS|\\\r\n"
                        }, 
                        {
                            "Linea": 116, 
                            "NombreSource": "=dwhupdaDS", 
                            "Texto": "#      JNDIDataSourceName=dwhupdaDS|\\      \r\n"
                        }
                    ], 
                    "NombreCad": "DataSourceName", 
                    "Repeticiones": 3
                }
            ], 
            "Nombre": "comentarios", 
            "Numero": "3"
        }, 
        {
            "Archivos": [
                {
                    "Archivo": "/home/javamantis1/Documentos/Analizar/Axa02Collection/FV_002_3-reportes/ProgsUnix/IMSS/env/qa/pruebajaredocta.properties", 
                    "Cadena": [
                        "(^(?!.*[L|l][O|o][C|c][A|a][L|l][H|h][O|o][S|s][T|t]))(.*)[J|j][d|D][b|B][c|C]:(.*)://(.*):[0-9]{2,5}/(.*)"
                    ], 
                    "Extension": ".properties", 
                    "Hardcode": "false", 
                    "Lineas": [
                        {
                            "Linea": 5, 
                            "Texto": "urlAgentes = jdbc:db2://mxu41l3q:50010/DWH\n", 
                            "url": "jdbc:db2://mxu41l3q:50010/DWH"
                        }
                    ], 
                    "NombreCad": "JDBC", 
                    "Repeticiones": 1
                }, 
                {
                    "Archivo": "/home/javamantis1/Documentos/Analizar/Axa02Collection/FV_002_3-reportes/ProgsUnix/IMSS/env/dev/pruebajaredocta.properties", 
                    "Cadena": [
                        "(^(?!.*[L|l][O|o][C|c][A|a][L|l][H|h][O|o][S|s][T|t]))(.*)[J|j][d|D][b|B][c|C]:(.*)://(.*):[0-9]{2,5}/(.*)"
                    ], 
                    "Extension": ".properties", 
                    "Hardcode": "false", 
                    "Lineas": [
                        {
                            "Linea": 5, 
                            "Texto": "urlAgentes = jdbc:db2://MXU42L3J:50010/DWH\n", 
                            "url": "jdbc:db2://MXU42L3J:50010/DWH"
                        }
                    ], 
                    "NombreCad": "JDBC", 
                    "Repeticiones": 1
                }, 
                {
                    "Archivo": "/home/javamantis1/Documentos/Analizar/Axa02Collection/FV_002_3-reportes/properties/connectionpool.properties", 
                    "Cadena": [
                        "(.*)[j|J][n|N][d|D][i|I][d|D][a|A][t|T][a|A][s|S][o|O][u|U][r|R][c|C][e|E][n|N][a|A][m|M][e|E]=(.*)"
                    ], 
                    "Extension": ".properties", 
                    "Hardcode": "false", 
                    "Lineas": [
                        {
                            "Linea": 57, 
                            "NombreSource": "=ReportesNaranjaDS", 
                            "Texto": "\tJNDIDataSourceName=ReportesNaranjaDS|\\\r\n"
                        }, 
                        {
                            "Linea": 71, 
                            "NombreSource": "=contactINGDS", 
                            "Texto": "\tJNDIDataSourceName=contactINGDS|\\\r\n"
                        }, 
                        {
                            "Linea": 134, 
                            "NombreSource": "=dwhDS", 
                            "Texto": "\tJNDIDataSourceName=dwhDS|\\\r\n"
                        }, 
                        {
                            "Linea": 166, 
                            "NombreSource": "=dwhupdaDS", 
                            "Texto": "\tJNDIDataSourceName=dwhupdaDS|\\\r\n"
                        }
                    ], 
                    "NombreCad": "DataSourceName", 
                    "Repeticiones": 4
                }, 
                {
                    "Archivo": "/home/javamantis1/Documentos/Analizar/Axa02Collection/FV_002_3-reportes/properties/framework.properties", 
                    "Cadena": [
                        "(^(?!.*[L|l][O|o][C|c][A|a][L|l][H|h][O|o][S|s][T|t]))(.*)[a|A][p|P][p|P][s|S][e|E][r|R][v|V][e|E][r|R](.*)://(.*):[0-9]{2,5}/(.*)"
                    ], 
                    "Extension": ".properties", 
                    "Hardcode": "false", 
                    "Lineas": [
                        {
                            "Linea": 414, 
                            "Texto": "urlServerProxyGen=AppServer://ds_vida:5175/asbmeganor\r\n", 
                            "url": "AppServer://ds_vida:5175/asbmeganor"
                        }
                    ], 
                    "NombreCad": "Progress", 
                    "Repeticiones": 1
                }, 
                {
                    "Archivo": "/home/javamantis1/Documentos/Analizar/Axa02Collection/FV_002_3-reportes/properties/framework.properties", 
                    "Cadena": [
                        "(^(?!.*[s|S][e|E][r|R][v|V][i|I][c|C][i|I][o|O][s|S]).*)(^(?!.*[a|A][p|P][p|P][s|S][e|E][r|R][v|V][e|E][r|R]))(^(?!.*[L|l][O|o][C|c][A|a][L|l][H|h][O|o][S|s][T|t]))(^(?!.*[uU][rR][lL]_[pP][rR][o|O][g|G][rR][eE][sS][sS]))(^(?!.*[J|j][d|D][b|B][c|C]))(^(?!.*[a|A][g|G][e|E][n|N][t|T][e|E][s|S]))(^(?!.*[M|m][O|o][N|n][G|g][O|o][D|d][B|b]).*)((.*):([0-9]{2,5})/)"
                    ], 
                    "Extension": ".properties", 
                    "Hardcode": "false", 
                    "Lineas": [
                        {
                            "Linea": 265, 
                            "Texto": "ssoUrl=http\\://dev-ia3ssoadmin.us.americas.intranet\\:80/soap/servlet/rpcrouter\r\n", 
                            "url": "http\\://dev-ia3ssoadmin.us.americas.intranet\\:80/soap/servlet/rpcrouter"
                        }, 
                        {
                            "Linea": 301, 
                            "Texto": "url_applet = http\\://tlp23406.mx.americas.intranet\\:82/axa\r\n", 
                            "url": "http\\://tlp23406.mx.americas.intranet\\:82/axa"
                        }
                    ], 
                    "NombreCad": "IP", 
                    "Repeticiones": 2
                }, 
                {
                    "Archivo": "/home/javamantis1/Documentos/Analizar/Axa02Collection/FV_002_3-reportes/env/qa/properties/Reportes.properties", 
                    "Cadena": [
                        "(^(?!.*[L|l][O|o][C|c][A|a][L|l][H|h][O|o][S|s][T|t]))(.*)[a|A][p|P][p|P][s|S][e|E][r|R][v|V][e|E][r|R](.*)://(.*):[0-9]{2,5}/(.*)"
                    ], 
                    "Extension": ".properties", 
                    "Hardcode": "false", 
                    "Lineas": [
                        {
                            "Linea": 418, 
                            "Texto": "urlServerProxyGen=AppServer://ds_vida:5175/asbmeganor\r\n", 
                            "url": "AppServer://ds_vida:5175/asbmeganor"
                        }
                    ], 
                    "NombreCad": "Progress", 
                    "Repeticiones": 1
                }, 
                {
                    "Archivo": "/home/javamantis1/Documentos/Analizar/Axa02Collection/FV_002_3-reportes/env/qa/properties/Reportes.properties", 
                    "Cadena": [
                        "(^(?!.*[L|l][O|o][C|c][A|a][L|l][H|h][O|o][S|s][T|t]))(.*)://[a|A][g|G][e|E][n|N][t|T][e|E][s|S](.*)"
                    ], 
                    "Extension": ".properties", 
                    "Hardcode": "false", 
                    "Lineas": [
                        {
                            "Linea": 303, 
                            "Texto": "url_applet = https\\://agentesqa.axa.com.mx\r\n", 
                            "url": "https\\://agentesqa.axa.com.mx"
                        }
                    ], 
                    "NombreCad": "Apache", 
                    "Repeticiones": 1
                }, 
                {
                    "Archivo": "/home/javamantis1/Documentos/Analizar/Axa02Collection/FV_002_3-reportes/env/qa/properties/Reportes.properties", 
                    "Cadena": [
                        "(^(?!.*[s|S][e|E][r|R][v|V][i|I][c|C][i|I][o|O][s|S]).*)(^(?!.*[a|A][p|P][p|P][s|S][e|E][r|R][v|V][e|E][r|R]))(^(?!.*[L|l][O|o][C|c][A|a][L|l][H|h][O|o][S|s][T|t]))(^(?!.*[uU][rR][lL]_[pP][rR][o|O][g|G][rR][eE][sS][sS]))(^(?!.*[J|j][d|D][b|B][c|C]))(^(?!.*[a|A][g|G][e|E][n|N][t|T][e|E][s|S]))(^(?!.*[M|m][O|o][N|n][G|g][O|o][D|d][B|b]).*)((.*):([0-9]{2,5})/)"
                    ], 
                    "Extension": ".properties", 
                    "Hardcode": "false", 
                    "Lineas": [
                        {
                            "Linea": 265, 
                            "Texto": "ssoUrl=http\\://dev-ia3ssoadmin.us.americas.intranet\\:80/soap/servlet/rpcrouter\r\n", 
                            "url": "http\\://dev-ia3ssoadmin.us.americas.intranet\\:80/soap/servlet/rpcrouter"
                        }, 
                        {
                            "Linea": 432, 
                            "Texto": "CFDIEndpoint=http://was-servicesqa.axa.com.mx:82/iwcfdWebCustom/services/CFD_ConsultaWebServiceHttpSoap11Endpoint", 
                            "url": "http://was-servicesqa.axa.com.mx:82/iwcfdWebCustom/services/CFD_ConsultaWebServiceHttpSoap11Endpoint"
                        }
                    ], 
                    "NombreCad": "IP", 
                    "Repeticiones": 2
                }, 
                {
                    "Archivo": "/home/javamantis1/Documentos/Analizar/Axa02Collection/FV_002_3-reportes/env/dev/properties/Reportes.properties", 
                    "Cadena": [
                        "(^(?!.*[L|l][O|o][C|c][A|a][L|l][H|h][O|o][S|s][T|t]))(.*)[a|A][p|P][p|P][s|S][e|E][r|R][v|V][e|E][r|R](.*)://(.*):[0-9]{2,5}/(.*)"
                    ], 
                    "Extension": ".properties", 
                    "Hardcode": "false", 
                    "Lineas": [
                        {
                            "Linea": 414, 
                            "Texto": "urlServerProxyGen=AppServer://ds_vida:5175/asbmeganor\r\n", 
                            "url": "AppServer://ds_vida:5175/asbmeganor"
                        }
                    ], 
                    "NombreCad": "Progress", 
                    "Repeticiones": 1
                }, 
                {
                    "Archivo": "/home/javamantis1/Documentos/Analizar/Axa02Collection/FV_002_3-reportes/env/dev/properties/Reportes.properties", 
                    "Cadena": [
                        "(^(?!.*[s|S][e|E][r|R][v|V][i|I][c|C][i|I][o|O][s|S]).*)(^(?!.*[a|A][p|P][p|P][s|S][e|E][r|R][v|V][e|E][r|R]))(^(?!.*[L|l][O|o][C|c][A|a][L|l][H|h][O|o][S|s][T|t]))(^(?!.*[uU][rR][lL]_[pP][rR][o|O][g|G][rR][eE][sS][sS]))(^(?!.*[J|j][d|D][b|B][c|C]))(^(?!.*[a|A][g|G][e|E][n|N][t|T][e|E][s|S]))(^(?!.*[M|m][O|o][N|n][G|g][O|o][D|d][B|b]).*)((.*):([0-9]{2,5})/)"
                    ], 
                    "Extension": ".properties", 
                    "Hardcode": "false", 
                    "Lineas": [
                        {
                            "Linea": 265, 
                            "Texto": "ssoUrl=http\\://dev-ia3ssoadmin.us.americas.intranet\\:80/soap/servlet/rpcrouter\r\n", 
                            "url": "http\\://dev-ia3ssoadmin.us.americas.intranet\\:80/soap/servlet/rpcrouter"
                        }, 
                        {
                            "Linea": 301, 
                            "Texto": "url_applet = http\\://tlp23406.mx.americas.intranet\\:82/axa\r\n", 
                            "url": "http\\://tlp23406.mx.americas.intranet\\:82/axa"
                        }
                    ], 
                    "NombreCad": "IP", 
                    "Repeticiones": 2
                }, 
                {
                    "Archivo": "/home/javamantis1/Documentos/Analizar/Axa02Collection/FV_002_3-reportes/env/prod/properties/Reportes.properties", 
                    "Cadena": [
                        "(^(?!.*[L|l][O|o][C|c][A|a][L|l][H|h][O|o][S|s][T|t]))(.*)[a|A][p|P][p|P][s|S][e|E][r|R][v|V][e|E][r|R](.*)://(.*):[0-9]{2,5}/(.*)"
                    ], 
                    "Extension": ".properties", 
                    "Hardcode": "false", 
                    "Lineas": [
                        {
                            "Linea": 416, 
                            "Texto": "urlServerProxyGen=AppServer://ux_vida:5305/asbvidaweb\r\n", 
                            "url": "AppServer://ux_vida:5305/asbvidaweb"
                        }
                    ], 
                    "NombreCad": "Progress", 
                    "Repeticiones": 1
                }, 
                {
                    "Archivo": "/home/javamantis1/Documentos/Analizar/Axa02Collection/FV_002_3-reportes/env/prod/properties/Reportes.properties", 
                    "Cadena": [
                        "(^(?!.*[s|S][e|E][r|R][v|V][i|I][c|C][i|I][o|O][s|S]).*)(^(?!.*[a|A][p|P][p|P][s|S][e|E][r|R][v|V][e|E][r|R]))(^(?!.*[L|l][O|o][C|c][A|a][L|l][H|h][O|o][S|s][T|t]))(^(?!.*[uU][rR][lL]_[pP][rR][o|O][g|G][rR][eE][sS][sS]))(^(?!.*[J|j][d|D][b|B][c|C]))(^(?!.*[a|A][g|G][e|E][n|N][t|T][e|E][s|S]))(^(?!.*[M|m][O|o][N|n][G|g][O|o][D|d][B|b]).*)((.*):([0-9]{2,5})/)"
                    ], 
                    "Extension": ".properties", 
                    "Hardcode": "false", 
                    "Lineas": [
                        {
                            "Linea": 265, 
                            "Texto": "ssoUrl=http\\://dev-ia3ssoadmin.us.americas.intranet\\:80/soap/servlet/rpcrouter\r\n", 
                            "url": "http\\://dev-ia3ssoadmin.us.americas.intranet\\:80/soap/servlet/rpcrouter"
                        }, 
                        {
                            "Linea": 430, 
                            "Texto": "CFDIEndpoint=http://was-services.axa.com.mx:82/iwcfdWebCustom/services/CFD_ConsultaWebServiceHttpSoap11Endpoint", 
                            "url": "http://was-services.axa.com.mx:82/iwcfdWebCustom/services/CFD_ConsultaWebServiceHttpSoap11Endpoint"
                        }
                    ], 
                    "NombreCad": "IP", 
                    "Repeticiones": 2
                }
            ], 
            "Nombre": "Sin hardcode", 
            "Numero": "1"
        }, 
        {
            "Archivos": [
                {
                    "Archivo": "/home/javamantis1/Documentos/Analizar/Axa02Collection/FV_002_3-reportes/WebContent/cargaArchivos.jsp", 
                    "Cadena": [
                        "(^(?!.*[L|l][O|o][C|c][A|a][L|l][H|h][O|o][S|s][T|t]))(.*)://[a|A][g|G][e|E][n|N][t|T][e|E][s|S](.*)"
                    ], 
                    "Extension": ".jsp", 
                    "Hardcode": "true", 
                    "Lineas": [
                        {
                            "Linea": 73, 
                            "Texto": "\tString accionQA = \"https://agentesqa.axa.com.mx/waxs\";\r\n", 
                            "url": "https://agentesqa.axa.com.mx/waxs"
                        }
                    ], 
                    "NombreCad": "Apache", 
                    "Repeticiones": 1
                }, 
                {
                    "Archivo": "/home/javamantis1/Documentos/Analizar/Axa02Collection/FV_002_3-reportes/WebContent/cargaArchivos.jsp", 
                    "Cadena": [
                        "(^(?!.*[s|S][e|E][r|R][v|V][i|I][c|C][i|I][o|O][s|S]).*)(^(?!.*[a|A][p|P][p|P][s|S][e|E][r|R][v|V][e|E][r|R]))(^(?!.*[L|l][O|o][C|c][A|a][L|l][H|h][O|o][S|s][T|t]))(^(?!.*[uU][rR][lL]_[pP][rR][o|O][g|G][rR][eE][sS][sS]))(^(?!.*[J|j][d|D][b|B][c|C]))(^(?!.*[a|A][g|G][e|E][n|N][t|T][e|E][s|S]))(^(?!.*[M|m][O|o][N|n][G|g][O|o][D|d][B|b]).*)((.*):([0-9]{2,5})/)"
                    ], 
                    "Extension": ".jsp", 
                    "Hardcode": "true", 
                    "Lineas": [
                        {
                            "Linea": 70, 
                            "Texto": "String accionDES = \"http://tlp23406.mx.americas.intranet:82/axa\";\r\n", 
                            "url": "http://tlp23406.mx.americas.intranet:82/axa"
                        }
                    ], 
                    "NombreCad": "IP", 
                    "Repeticiones": 1
                }, 
                {
                    "Archivo": "/home/javamantis1/Documentos/Analizar/Axa02Collection/FV_002_3-reportes/src/com/axa/mx/reportes/util/Constantes.java", 
                    "Cadena": [
                        "(.*)Tipo de cambio(.*)"
                    ], 
                    "Extension": ".java", 
                    "Hardcode": "true", 
                    "Lineas": [
                        {
                            "Linea": 321, 
                            "Texto": "\tpublic final static String TXT_TIPO_CAMBIO = \"Tipo de cambio:\";\r\n"
                        }
                    ], 
                    "NombreCad": "JNDI", 
                    "Repeticiones": 1
                }
            ], 
            "Nombre": "HardCode", 
            "Numero": "2"
        }
    ]
}