{
    "Aplicacion": "FV_009_2-ReportesCobranza", 
    "Prioridades": [
        {
            "Archivos": [
                {
                    "Archivo": "/home/javamantis1/Documentos/Analizar/Axa02Collection/FV_009_2-ReportesCobranza/IA3framework/sampleapp/properties/connectionpool.properties", 
                    "Cadena": [
                        "(.*)[j|J][n|N][d|D][i|I][d|D][a|A][t|T][a|A][s|S][o|O][u|U][r|R][c|C][e|E][n|N][a|A][m|M][e|E]=(.*)"
                    ], 
                    "Extension": ".properties", 
                    "Hardcode": "false", 
                    "Lineas": [
                        {
                            "Linea": 55, 
                            "NombreSource": "=WebLogic_CMP_RDBMS", 
                            "Texto": "#\tJNDIDataSourceName=WebLogic_CMP_RDBMS|\\\r\n"
                        }, 
                        {
                            "Linea": 106, 
                            "NombreSource": "=MyOracleDataSource", 
                            "Texto": "#\tJNDIDataSourceName=MyOracleDataSource\r\n"
                        }
                    ], 
                    "NombreCad": "DataSourceName", 
                    "Repeticiones": 2
                }, 
                {
                    "Archivo": "/home/javamantis1/Documentos/Analizar/Axa02Collection/FV_009_2-ReportesCobranza/properties/connectionpool.properties", 
                    "Cadena": [
                        "(.*)[j|J][n|N][d|D][i|I][d|D][a|A][t|T][a|A][s|S][o|O][u|U][r|R][c|C][e|E][n|N][a|A][m|M][e|E]=(.*)"
                    ], 
                    "Extension": ".properties", 
                    "Hardcode": "false", 
                    "Lineas": [
                        {
                            "Linea": 96, 
                            "NombreSource": "=MyOracleDataSource", 
                            "Texto": "#\tJNDIDataSourceName=MyOracleDataSource|\\\r\n"
                        }
                    ], 
                    "NombreCad": "DataSourceName", 
                    "Repeticiones": 1
                }
            ], 
            "Nombre": "comentarios", 
            "Numero": "3"
        }, 
        {
            "Archivos": [
                {
                    "Archivo": "/home/javamantis1/Documentos/Analizar/Axa02Collection/FV_009_2-ReportesCobranza/IA3framework/sampleapp/properties/connectionpool.properties", 
                    "Cadena": [
                        "(.*)[j|J][n|N][d|D][i|I][d|D][a|A][t|T][a|A][s|S][o|O][u|U][r|R][c|C][e|E][n|N][a|A][m|M][e|E]=(.*)"
                    ], 
                    "Extension": ".properties", 
                    "Hardcode": "false", 
                    "Lineas": [
                        {
                            "Linea": 62, 
                            "NombreSource": "=WebLogic_CMP_RDBMS", 
                            "Texto": "\tJNDIDataSourceName=WebLogic_CMP_RDBMS|\\\r\n"
                        }, 
                        {
                            "Linea": 72, 
                            "NombreSource": "=OracleXADS", 
                            "Texto": "\tJNDIDataSourceName=OracleXADS|\\\r\n"
                        }, 
                        {
                            "Linea": 82, 
                            "NombreSource": "=DB2XADS", 
                            "Texto": "\tJNDIDataSourceName=DB2XADS|\\\r\n"
                        }
                    ], 
                    "NombreCad": "DataSourceName", 
                    "Repeticiones": 3
                }, 
                {
                    "Archivo": "/home/javamantis1/Documentos/Analizar/Axa02Collection/FV_009_2-ReportesCobranza/properties/connectionpool.properties", 
                    "Cadena": [
                        "(.*)[j|J][n|N][d|D][i|I][d|D][a|A][t|T][a|A][s|S][o|O][u|U][r|R][c|C][e|E][n|N][a|A][m|M][e|E]=(.*)"
                    ], 
                    "Extension": ".properties", 
                    "Hardcode": "false", 
                    "Lineas": [
                        {
                            "Linea": 57, 
                            "NombreSource": "=ReportesCobranzaDS", 
                            "Texto": "\tJNDIDataSourceName=ReportesCobranzaDS|\\\r\n"
                        }
                    ], 
                    "NombreCad": "DataSourceName", 
                    "Repeticiones": 1
                }, 
                {
                    "Archivo": "/home/javamantis1/Documentos/Analizar/Axa02Collection/FV_009_2-ReportesCobranza/env/local/properties/framework.properties", 
                    "Cadena": [
                        "(^(?!.*[s|S][e|E][r|R][v|V][i|I][c|C][i|I][o|O][s|S]).*)(^(?!.*[a|A][p|P][p|P][s|S][e|E][r|R][v|V][e|E][r|R]))(^(?!.*[L|l][O|o][C|c][A|a][L|l][H|h][O|o][S|s][T|t]))(^(?!.*[uU][rR][lL]_[pP][rR][o|O][g|G][rR][eE][sS][sS]))(^(?!.*[J|j][d|D][b|B][c|C]))(^(?!.*[a|A][g|G][e|E][n|N][t|T][e|E][s|S]))(^(?!.*[M|m][O|o][N|n][G|g][O|o][D|d][B|b]).*)((.*):([0-9]{2,5})/)"
                    ], 
                    "Extension": ".properties", 
                    "Hardcode": "false", 
                    "Lineas": [
                        {
                            "Linea": 258, 
                            "Texto": "ssoUrl=http\\://dev-ia3ssoadmin.us.americas.intranet\\:80/soap/servlet/rpcrouter\r\n", 
                            "url": "http\\://dev-ia3ssoadmin.us.americas.intranet\\:80/soap/servlet/rpcrouter"
                        }
                    ], 
                    "NombreCad": "IP", 
                    "Repeticiones": 1
                }, 
                {
                    "Archivo": "/home/javamantis1/Documentos/Analizar/Axa02Collection/FV_009_2-ReportesCobranza/env/qa/properties/framework.properties", 
                    "Cadena": [
                        "(^(?!.*[s|S][e|E][r|R][v|V][i|I][c|C][i|I][o|O][s|S]).*)(^(?!.*[a|A][p|P][p|P][s|S][e|E][r|R][v|V][e|E][r|R]))(^(?!.*[L|l][O|o][C|c][A|a][L|l][H|h][O|o][S|s][T|t]))(^(?!.*[uU][rR][lL]_[pP][rR][o|O][g|G][rR][eE][sS][sS]))(^(?!.*[J|j][d|D][b|B][c|C]))(^(?!.*[a|A][g|G][e|E][n|N][t|T][e|E][s|S]))(^(?!.*[M|m][O|o][N|n][G|g][O|o][D|d][B|b]).*)((.*):([0-9]{2,5})/)"
                    ], 
                    "Extension": ".properties", 
                    "Hardcode": "false", 
                    "Lineas": [
                        {
                            "Linea": 258, 
                            "Texto": "ssoUrl=http\\://dev-ia3ssoadmin.us.americas.intranet\\:80/soap/servlet/rpcrouter\r\n", 
                            "url": "http\\://dev-ia3ssoadmin.us.americas.intranet\\:80/soap/servlet/rpcrouter"
                        }
                    ], 
                    "NombreCad": "IP", 
                    "Repeticiones": 1
                }, 
                {
                    "Archivo": "/home/javamantis1/Documentos/Analizar/Axa02Collection/FV_009_2-ReportesCobranza/env/dev/properties/framework.properties", 
                    "Cadena": [
                        "(^(?!.*[s|S][e|E][r|R][v|V][i|I][c|C][i|I][o|O][s|S]).*)(^(?!.*[a|A][p|P][p|P][s|S][e|E][r|R][v|V][e|E][r|R]))(^(?!.*[L|l][O|o][C|c][A|a][L|l][H|h][O|o][S|s][T|t]))(^(?!.*[uU][rR][lL]_[pP][rR][o|O][g|G][rR][eE][sS][sS]))(^(?!.*[J|j][d|D][b|B][c|C]))(^(?!.*[a|A][g|G][e|E][n|N][t|T][e|E][s|S]))(^(?!.*[M|m][O|o][N|n][G|g][O|o][D|d][B|b]).*)((.*):([0-9]{2,5})/)"
                    ], 
                    "Extension": ".properties", 
                    "Hardcode": "false", 
                    "Lineas": [
                        {
                            "Linea": 258, 
                            "Texto": "ssoUrl=http\\://dev-ia3ssoadmin.us.americas.intranet\\:80/soap/servlet/rpcrouter\r\n", 
                            "url": "http\\://dev-ia3ssoadmin.us.americas.intranet\\:80/soap/servlet/rpcrouter"
                        }
                    ], 
                    "NombreCad": "IP", 
                    "Repeticiones": 1
                }, 
                {
                    "Archivo": "/home/javamantis1/Documentos/Analizar/Axa02Collection/FV_009_2-ReportesCobranza/env/prod/properties/framework.properties", 
                    "Cadena": [
                        "(^(?!.*[s|S][e|E][r|R][v|V][i|I][c|C][i|I][o|O][s|S]).*)(^(?!.*[a|A][p|P][p|P][s|S][e|E][r|R][v|V][e|E][r|R]))(^(?!.*[L|l][O|o][C|c][A|a][L|l][H|h][O|o][S|s][T|t]))(^(?!.*[uU][rR][lL]_[pP][rR][o|O][g|G][rR][eE][sS][sS]))(^(?!.*[J|j][d|D][b|B][c|C]))(^(?!.*[a|A][g|G][e|E][n|N][t|T][e|E][s|S]))(^(?!.*[M|m][O|o][N|n][G|g][O|o][D|d][B|b]).*)((.*):([0-9]{2,5})/)"
                    ], 
                    "Extension": ".properties", 
                    "Hardcode": "false", 
                    "Lineas": [
                        {
                            "Linea": 258, 
                            "Texto": "ssoUrl=http\\://dev-ia3ssoadmin.us.americas.intranet\\:80/soap/servlet/rpcrouter\r\n", 
                            "url": "http\\://dev-ia3ssoadmin.us.americas.intranet\\:80/soap/servlet/rpcrouter"
                        }
                    ], 
                    "NombreCad": "IP", 
                    "Repeticiones": 1
                }
            ], 
            "Nombre": "Sin hardcode", 
            "Numero": "1"
        }, 
        {
            "Archivos": [
                {
                    "Archivo": "/home/javamantis1/Documentos/Analizar/Axa02Collection/FV_009_2-ReportesCobranza/jsp/DetallePoliza.jsp", 
                    "Cadena": [
                        "(.*)Tipo de cambio(.*)"
                    ], 
                    "Extension": ".jsp", 
                    "Hardcode": "true", 
                    "Lineas": [
                        {
                            "Linea": 159, 
                            "Texto": "\t\t\t\t<td class=\"frmFieldBold\">Tipo de cambio:</td>\r\n"
                        }
                    ], 
                    "NombreCad": "JNDI", 
                    "Repeticiones": 1
                }, 
                {
                    "Archivo": "/home/javamantis1/Documentos/Analizar/Axa02Collection/FV_009_2-ReportesCobranza/IA3framework/aib/com/framework/codetemplate/ConnectionPoolInputs.java", 
                    "Cadena": [
                        "(.*)[j|J][n|N][d|D][i|I][d|D][a|A][t|T][a|A][s|S][o|O][u|U][r|R][c|C][e|E][n|N][a|A][m|M][e|E]=(.*)"
                    ], 
                    "Extension": ".java", 
                    "Hardcode": "true", 
                    "Lineas": [
                        {
                            "Linea": 100, 
                            "NombreSource": "=", 
                            "Texto": "            sFormat.append( \"\\tJNDIDataSourceName=\" + this.m_sJNDIName + \"|\\\\\\n\" );\r\n"
                        }
                    ], 
                    "NombreCad": "DataSourceName", 
                    "Repeticiones": 1
                }, 
                {
                    "Archivo": "/home/javamantis1/Documentos/Analizar/Axa02Collection/FV_009_2-ReportesCobranza/IA3framework/axis-1_1/samples/userguide/example1/TestClient.java", 
                    "Cadena": [
                        "(^(?!.*[s|S][e|E][r|R][v|V][i|I][c|C][i|I][o|O][s|S]).*)(^(?!.*[a|A][p|P][p|P][s|S][e|E][r|R][v|V][e|E][r|R]))(^(?!.*[L|l][O|o][C|c][A|a][L|l][H|h][O|o][S|s][T|t]))(^(?!.*[uU][rR][lL]_[pP][rR][o|O][g|G][rR][eE][sS][sS]))(^(?!.*[J|j][d|D][b|B][c|C]))(^(?!.*[a|A][g|G][e|E][n|N][t|T][e|E][s|S]))(^(?!.*[M|m][O|o][N|n][G|g][O|o][D|d][B|b]).*)((.*):([0-9]{2,5})/)"
                    ], 
                    "Extension": ".java", 
                    "Hardcode": "true", 
                    "Lineas": [
                        {
                            "Linea": 68, 
                            "Texto": "                    \"http://nagoya.apache.org:5049/axis/services/echo\";\r\n", 
                            "url": "http://nagoya.apache.org:5049/axis/services/echo"
                        }
                    ], 
                    "NombreCad": "IP", 
                    "Repeticiones": 1
                }, 
                {
                    "Archivo": "/home/javamantis1/Documentos/Analizar/Axa02Collection/FV_009_2-ReportesCobranza/IA3framework/axis-1_1/samples/jaxm/DelayedStockQuote.java", 
                    "Cadena": [
                        "(^(?!.*[s|S][e|E][r|R][v|V][i|I][c|C][i|I][o|O][s|S]).*)(^(?!.*[a|A][p|P][p|P][s|S][e|E][r|R][v|V][e|E][r|R]))(^(?!.*[L|l][O|o][C|c][A|a][L|l][H|h][O|o][S|s][T|t]))(^(?!.*[uU][rR][lL]_[pP][rR][o|O][g|G][rR][eE][sS][sS]))(^(?!.*[J|j][d|D][b|B][c|C]))(^(?!.*[a|A][g|G][e|E][n|N][t|T][e|E][s|S]))(^(?!.*[M|m][O|o][N|n][G|g][O|o][D|d][B|b]).*)((.*):([0-9]{2,5})/)"
                    ], 
                    "Extension": ".java", 
                    "Hardcode": "true", 
                    "Lineas": [
                        {
                            "Linea": 99, 
                            "Texto": "        URLEndpoint endpoint = new URLEndpoint(\"http://66.28.98.121:9090/soap\");\r\n", 
                            "url": "http://66.28.98.121:9090/soap"
                        }
                    ], 
                    "NombreCad": "IP", 
                    "Repeticiones": 1
                }, 
                {
                    "Archivo": "/home/javamantis1/Documentos/Analizar/Axa02Collection/FV_009_2-ReportesCobranza/IA3framework/jakarta-struts-1.1/src/share/org/apache/struts/upload/MultipartValueStream.java", 
                    "Cadena": [
                        "(^(?!.*[s|S][e|E][r|R][v|V][i|I][c|C][i|I][o|O][s|S]).*)(^(?!.*[a|A][p|P][p|P][s|S][e|E][r|R][v|V][e|E][r|R]))(^(?!.*[L|l][O|o][C|c][A|a][L|l][H|h][O|o][S|s][T|t]))(^(?!.*[uU][rR][lL]_[pP][rR][o|O][g|G][rR][eE][sS][sS]))(^(?!.*[J|j][d|D][b|B][c|C]))(^(?!.*[a|A][g|G][e|E][n|N][t|T][e|E][s|S]))(^(?!.*[M|m][O|o][N|n][G|g][O|o][D|d][B|b]).*)((.*):([0-9]{2,5})/)"
                    ], 
                    "Extension": ".java", 
                    "Hardcode": "true", 
                    "Lineas": [
                        {
                            "Linea": 75, 
                            "Texto": " * See RFC 1867 (http://info.internet.isi.edu:80/in-notes/rfc/files/rfc1867.txt)\r\n", 
                            "url": "http://info.internet.isi.edu:80/in-notes/rfc/files/rfc1867.txt"
                        }
                    ], 
                    "NombreCad": "IP", 
                    "Repeticiones": 1
                }
            ], 
            "Nombre": "HardCode", 
            "Numero": "2"
        }
    ]
}