{
    "Aplicacion": "FV_009_2-PrimaPagadaAXA", 
    "Prioridades": [
        {
            "Archivos": [
                {
                    "Archivo": "/home/javamantis1/Documentos/Analizar/Axa02Collection/FV_009_2-PrimaPagadaAXA/properties/connectionpool.properties", 
                    "Cadena": [
                        "(.*)[j|J][n|N][d|D][i|I][d|D][a|A][t|T][a|A][s|S][o|O][u|U][r|R][c|C][e|E][n|N][a|A][m|M][e|E]=(.*)"
                    ], 
                    "Extension": ".properties", 
                    "Hardcode": "false", 
                    "Lineas": [
                        {
                            "Linea": 96, 
                            "NombreSource": "=MyOracleDataSource", 
                            "Texto": "#\tJNDIDataSourceName=MyOracleDataSource|\\\r\n"
                        }
                    ], 
                    "NombreCad": "DataSourceName", 
                    "Repeticiones": 1
                }
            ], 
            "Nombre": "comentarios", 
            "Numero": "3"
        }, 
        {
            "Archivos": [
                {
                    "Archivo": "/home/javamantis1/Documentos/Analizar/Axa02Collection/FV_009_2-PrimaPagadaAXA/properties/connectionpool.properties", 
                    "Cadena": [
                        "(.*)[j|J][n|N][d|D][i|I][d|D][a|A][t|T][a|A][s|S][o|O][u|U][r|R][c|C][e|E][n|N][a|A][m|M][e|E]=(.*)"
                    ], 
                    "Extension": ".properties", 
                    "Hardcode": "false", 
                    "Lineas": [
                        {
                            "Linea": 57, 
                            "NombreSource": "=ReportesCobranzaDS", 
                            "Texto": "\tJNDIDataSourceName=ReportesCobranzaDS|\\\r\n"
                        }
                    ], 
                    "NombreCad": "DataSourceName", 
                    "Repeticiones": 1
                }, 
                {
                    "Archivo": "/home/javamantis1/Documentos/Analizar/Axa02Collection/FV_009_2-PrimaPagadaAXA/properties/framework.properties", 
                    "Cadena": [
                        "(^(?!.*[s|S][e|E][r|R][v|V][i|I][c|C][i|I][o|O][s|S]).*)(^(?!.*[a|A][p|P][p|P][s|S][e|E][r|R][v|V][e|E][r|R]))(^(?!.*[L|l][O|o][C|c][A|a][L|l][H|h][O|o][S|s][T|t]))(^(?!.*[uU][rR][lL]_[pP][rR][o|O][g|G][rR][eE][sS][sS]))(^(?!.*[J|j][d|D][b|B][c|C]))(^(?!.*[a|A][g|G][e|E][n|N][t|T][e|E][s|S]))(^(?!.*[M|m][O|o][N|n][G|g][O|o][D|d][B|b]).*)((.*):([0-9]{2,5})/)"
                    ], 
                    "Extension": ".properties", 
                    "Hardcode": "false", 
                    "Lineas": [
                        {
                            "Linea": 258, 
                            "Texto": "ssoUrl=http\\://dev-ia3ssoadmin.us.americas.intranet\\:80/soap/servlet/rpcrouter\r\n", 
                            "url": "http\\://dev-ia3ssoadmin.us.americas.intranet\\:80/soap/servlet/rpcrouter"
                        }
                    ], 
                    "NombreCad": "IP", 
                    "Repeticiones": 1
                }, 
                {
                    "Archivo": "/home/javamantis1/Documentos/Analizar/Axa02Collection/FV_009_2-PrimaPagadaAXA/env/qa/framework.properties", 
                    "Cadena": [
                        "(^(?!.*[s|S][e|E][r|R][v|V][i|I][c|C][i|I][o|O][s|S]).*)(^(?!.*[a|A][p|P][p|P][s|S][e|E][r|R][v|V][e|E][r|R]))(^(?!.*[L|l][O|o][C|c][A|a][L|l][H|h][O|o][S|s][T|t]))(^(?!.*[uU][rR][lL]_[pP][rR][o|O][g|G][rR][eE][sS][sS]))(^(?!.*[J|j][d|D][b|B][c|C]))(^(?!.*[a|A][g|G][e|E][n|N][t|T][e|E][s|S]))(^(?!.*[M|m][O|o][N|n][G|g][O|o][D|d][B|b]).*)((.*):([0-9]{2,5})/)"
                    ], 
                    "Extension": ".properties", 
                    "Hardcode": "false", 
                    "Lineas": [
                        {
                            "Linea": 258, 
                            "Texto": "ssoUrl=http\\://dev-ia3ssoadmin.us.americas.intranet\\:80/soap/servlet/rpcrouter\r\n", 
                            "url": "http\\://dev-ia3ssoadmin.us.americas.intranet\\:80/soap/servlet/rpcrouter"
                        }
                    ], 
                    "NombreCad": "IP", 
                    "Repeticiones": 1
                }, 
                {
                    "Archivo": "/home/javamantis1/Documentos/Analizar/Axa02Collection/FV_009_2-PrimaPagadaAXA/env/qa/db.properties", 
                    "Cadena": [
                        "(^(?!.*[L|l][O|o][C|c][A|a][L|l][H|h][O|o][S|s][T|t]))(.*)[a|A][p|P][p|P][s|S][e|E][r|R][v|V][e|E][r|R](.*)://(.*):[0-9]{2,5}/(.*)"
                    ], 
                    "Extension": ".properties", 
                    "Hardcode": "false", 
                    "Lineas": [
                        {
                            "Linea": 2, 
                            "Texto": "AppServerURL=AppServer://ux_desa5:5176/asbconsagte\r\n", 
                            "url": "AppServer://ux_desa5:5176/asbconsagte"
                        }
                    ], 
                    "NombreCad": "Progress", 
                    "Repeticiones": 1
                }, 
                {
                    "Archivo": "/home/javamantis1/Documentos/Analizar/Axa02Collection/FV_009_2-PrimaPagadaAXA/env/dev/framework.properties", 
                    "Cadena": [
                        "(^(?!.*[s|S][e|E][r|R][v|V][i|I][c|C][i|I][o|O][s|S]).*)(^(?!.*[a|A][p|P][p|P][s|S][e|E][r|R][v|V][e|E][r|R]))(^(?!.*[L|l][O|o][C|c][A|a][L|l][H|h][O|o][S|s][T|t]))(^(?!.*[uU][rR][lL]_[pP][rR][o|O][g|G][rR][eE][sS][sS]))(^(?!.*[J|j][d|D][b|B][c|C]))(^(?!.*[a|A][g|G][e|E][n|N][t|T][e|E][s|S]))(^(?!.*[M|m][O|o][N|n][G|g][O|o][D|d][B|b]).*)((.*):([0-9]{2,5})/)"
                    ], 
                    "Extension": ".properties", 
                    "Hardcode": "false", 
                    "Lineas": [
                        {
                            "Linea": 258, 
                            "Texto": "ssoUrl=http\\://dev-ia3ssoadmin.us.americas.intranet\\:80/soap/servlet/rpcrouter\r\n", 
                            "url": "http\\://dev-ia3ssoadmin.us.americas.intranet\\:80/soap/servlet/rpcrouter"
                        }
                    ], 
                    "NombreCad": "IP", 
                    "Repeticiones": 1
                }, 
                {
                    "Archivo": "/home/javamantis1/Documentos/Analizar/Axa02Collection/FV_009_2-PrimaPagadaAXA/env/dev/db.properties", 
                    "Cadena": [
                        "(^(?!.*[L|l][O|o][C|c][A|a][L|l][H|h][O|o][S|s][T|t]))(.*)[a|A][p|P][p|P][s|S][e|E][r|R][v|V][e|E][r|R](.*)://(.*):[0-9]{2,5}/(.*)"
                    ], 
                    "Extension": ".properties", 
                    "Hardcode": "false", 
                    "Lineas": [
                        {
                            "Linea": 2, 
                            "Texto": "AppServerURL=AppServer://ux-desa1:6006/asbconsagte\r\n", 
                            "url": "AppServer://ux-desa1:6006/asbconsagte"
                        }
                    ], 
                    "NombreCad": "Progress", 
                    "Repeticiones": 1
                }, 
                {
                    "Archivo": "/home/javamantis1/Documentos/Analizar/Axa02Collection/FV_009_2-PrimaPagadaAXA/env/prod/framework.properties", 
                    "Cadena": [
                        "(^(?!.*[s|S][e|E][r|R][v|V][i|I][c|C][i|I][o|O][s|S]).*)(^(?!.*[a|A][p|P][p|P][s|S][e|E][r|R][v|V][e|E][r|R]))(^(?!.*[L|l][O|o][C|c][A|a][L|l][H|h][O|o][S|s][T|t]))(^(?!.*[uU][rR][lL]_[pP][rR][o|O][g|G][rR][eE][sS][sS]))(^(?!.*[J|j][d|D][b|B][c|C]))(^(?!.*[a|A][g|G][e|E][n|N][t|T][e|E][s|S]))(^(?!.*[M|m][O|o][N|n][G|g][O|o][D|d][B|b]).*)((.*):([0-9]{2,5})/)"
                    ], 
                    "Extension": ".properties", 
                    "Hardcode": "false", 
                    "Lineas": [
                        {
                            "Linea": 258, 
                            "Texto": "ssoUrl=http\\://dev-ia3ssoadmin.us.americas.intranet\\:80/soap/servlet/rpcrouter\r\n", 
                            "url": "http\\://dev-ia3ssoadmin.us.americas.intranet\\:80/soap/servlet/rpcrouter"
                        }
                    ], 
                    "NombreCad": "IP", 
                    "Repeticiones": 1
                }, 
                {
                    "Archivo": "/home/javamantis1/Documentos/Analizar/Axa02Collection/FV_009_2-PrimaPagadaAXA/env/prod/db.properties", 
                    "Cadena": [
                        "(^(?!.*[L|l][O|o][C|c][A|a][L|l][H|h][O|o][S|s][T|t]))(.*)[a|A][p|P][p|P][s|S][e|E][r|R][v|V][e|E][r|R](.*)://(.*):[0-9]{2,5}/(.*)"
                    ], 
                    "Extension": ".properties", 
                    "Hardcode": "false", 
                    "Lineas": [
                        {
                            "Linea": 2, 
                            "Texto": "AppServerURL=AppServer://ux_conta:5176/asbconsagte\r\n", 
                            "url": "AppServer://ux_conta:5176/asbconsagte"
                        }
                    ], 
                    "NombreCad": "Progress", 
                    "Repeticiones": 1
                }, 
                {
                    "Archivo": "/home/javamantis1/Documentos/Analizar/Axa02Collection/FV_009_2-PrimaPagadaAXA/src/db.properties", 
                    "Cadena": [
                        "(^(?!.*[L|l][O|o][C|c][A|a][L|l][H|h][O|o][S|s][T|t]))(.*)[a|A][p|P][p|P][s|S][e|E][r|R][v|V][e|E][r|R](.*)://(.*):[0-9]{2,5}/(.*)"
                    ], 
                    "Extension": ".properties", 
                    "Hardcode": "false", 
                    "Lineas": [
                        {
                            "Linea": 1, 
                            "Texto": "AppServerURL=AppServer://ux_desa5:5176/asbconsagte\r\n", 
                            "url": "AppServer://ux_desa5:5176/asbconsagte"
                        }
                    ], 
                    "NombreCad": "Progress", 
                    "Repeticiones": 1
                }
            ], 
            "Nombre": "Sin hardcode", 
            "Numero": "1"
        }, 
        {
            "Archivos": [
                {
                    "Archivo": "/home/javamantis1/Documentos/Analizar/Axa02Collection/FV_009_2-PrimaPagadaAXA/src/mx/cons/dao/GenericoRptDAO.java", 
                    "Cadena": [
                        "(^(?!.*[L|l][O|o][C|c][A|a][L|l][H|h][O|o][S|s][T|t]))(.*)[a|A][p|P][p|P][s|S][e|E][r|R][v|V][e|E][r|R](.*)://(.*):[0-9]{2,5}/(.*)"
                    ], 
                    "Extension": ".java", 
                    "Hardcode": "true", 
                    "Lineas": [
                        {
                            "Linea": 66, 
                            "Texto": "\t\t//appServerURL = \"AppServer://10.212.213.3:6006/asbconsagte\";\r\n", 
                            "url": "AppServer://10.212.213.3:6006/asbconsagte"
                        }
                    ], 
                    "NombreCad": "Progress", 
                    "Repeticiones": 1
                }, 
                {
                    "Archivo": "/home/javamantis1/Documentos/Analizar/Axa02Collection/FV_009_2-PrimaPagadaAXA/src/mx/cons/dao/EstructuraProgDAO.java", 
                    "Cadena": [
                        "(^(?!.*[L|l][O|o][C|c][A|a][L|l][H|h][O|o][S|s][T|t]))(.*)[a|A][p|P][p|P][s|S][e|E][r|R][v|V][e|E][r|R](.*)://(.*):[0-9]{2,5}/(.*)"
                    ], 
                    "Extension": ".java", 
                    "Hardcode": "true", 
                    "Lineas": [
                        {
                            "Linea": 30, 
                            "Texto": "\t\t    //appServerURL = \"AppServer://10.212.213.3:6006/asbconsagte\"; // URL del Appserver de progress\r\n", 
                            "url": "AppServer://10.212.213.3:6006/asbconsagte"
                        }
                    ], 
                    "NombreCad": "Progress", 
                    "Repeticiones": 1
                }
            ], 
            "Nombre": "HardCode", 
            "Numero": "2"
        }
    ]
}