{
    "Aplicacion": "S-036-02-Banamex", 
    "Prioridades": [
        {
            "Archivos": [
                {
                    "Archivo": "/home/javamantis1/Documentos/Analizar/Axa02Collection/S-036-02-Banamex/InterfazBanamex/env/qa/properties/config.properties", 
                    "Cadena": [
                        "(^(?!.*[L|l][O|o][C|c][A|a][L|l][H|h][O|o][S|s][T|t]))(.*)://[a|A][g|G][e|E][n|N][t|T][e|E][s|S](.*)"
                    ], 
                    "Extension": ".properties", 
                    "Hardcode": "false", 
                    "Lineas": [
                        {
                            "Linea": 10, 
                            "Texto": "#banamex.url=https://agentesqa.axa.com.mx/SimuladorBanamex/forward\r\n", 
                            "url": "https://agentesqa.axa.com.mx/SimuladorBanamex/forward"
                        }, 
                        {
                            "Linea": 21, 
                            "Texto": "#mit.url=https://agentesqa.axa.com.mx/SimuladorBanamex/consumeWS_MIT\r\n", 
                            "url": "https://agentesqa.axa.com.mx/SimuladorBanamex/consumeWS_MIT"
                        }
                    ], 
                    "NombreCad": "Apache", 
                    "Repeticiones": 2
                }
            ], 
            "Nombre": "comentarios", 
            "Numero": "3"
        }, 
        {
            "Archivos": [
                {
                    "Archivo": "/home/javamantis1/Documentos/Analizar/Axa02Collection/S-036-02-Banamex/InterfazBanamex/env/qa/properties/config.properties", 
                    "Cadena": [
                        "(^(?!.*[L|l][O|o][C|c][A|a][L|l][H|h][O|o][S|s][T|t]))(.*)://[a|A][g|G][e|E][n|N][t|T][e|E][s|S](.*)"
                    ], 
                    "Extension": ".properties", 
                    "Hardcode": "false", 
                    "Lineas": [
                        {
                            "Linea": 15, 
                            "Texto": "banamex.url=https://agentesqa.axa.com.mx/SimuladorBanamex/forward\r\n", 
                            "url": "https://agentesqa.axa.com.mx/SimuladorBanamex/forward"
                        }, 
                        {
                            "Linea": 20, 
                            "Texto": "mitContext.url=https://agentesqa.axa.com.mx/InterfazBanamex/mitContext\r\n", 
                            "url": "https://agentesqa.axa.com.mx/InterfazBanamex/mitContext"
                        }
                    ], 
                    "NombreCad": "Apache", 
                    "Repeticiones": 2
                }, 
                {
                    "Archivo": "/home/javamantis1/Documentos/Analizar/Axa02Collection/S-036-02-Banamex/InterfazBanamex/WebContent/WEB-INF/properties/InterfazBanamex.properties", 
                    "Cadena": [
                        "(^(?!.*[s|S][e|E][r|R][v|V][i|I][c|C][i|I][o|O][s|S]).*)(^(?!.*[a|A][p|P][p|P][s|S][e|E][r|R][v|V][e|E][r|R]))(^(?!.*[L|l][O|o][C|c][A|a][L|l][H|h][O|o][S|s][T|t]))(^(?!.*[uU][rR][lL]_[pP][rR][o|O][g|G][rR][eE][sS][sS]))(^(?!.*[J|j][d|D][b|B][c|C]))(^(?!.*[a|A][g|G][e|E][n|N][t|T][e|E][s|S]))(^(?!.*[M|m][O|o][N|n][G|g][O|o][D|d][B|b]).*)((.*):([0-9]{2,5})/)"
                    ], 
                    "Extension": ".properties", 
                    "Hardcode": "false", 
                    "Lineas": [
                        {
                            "Linea": 265, 
                            "Texto": "ssoUrl=http\\://dev-ia3ssoadmin.us.americas.intranet\\:80/soap/servlet/rpcrouter\r\n", 
                            "url": "http\\://dev-ia3ssoadmin.us.americas.intranet\\:80/soap/servlet/rpcrouter"
                        }
                    ], 
                    "NombreCad": "IP", 
                    "Repeticiones": 1
                }, 
                {
                    "Archivo": "/home/javamantis1/Documentos/Analizar/Axa02Collection/S-036-02-Banamex/SimuladorBanamex/properties/config.properties", 
                    "Cadena": [
                        "(^(?!.*[L|l][O|o][C|c][A|a][L|l][H|h][O|o][S|s][T|t]))(.*)://[a|A][g|G][e|E][n|N][t|T][e|E][s|S](.*)"
                    ], 
                    "Extension": ".properties", 
                    "Hardcode": "false", 
                    "Lineas": [
                        {
                            "Linea": 12, 
                            "Texto": "axa.url=https://agentesqa.axa.com.mx/InterfazBanamex/services/IntegracionBanamex\r\n", 
                            "url": "https://agentesqa.axa.com.mx/InterfazBanamex/services/IntegracionBanamex"
                        }
                    ], 
                    "NombreCad": "Apache", 
                    "Repeticiones": 1
                }
            ], 
            "Nombre": "Sin hardcode", 
            "Numero": "1"
        }, 
        {
            "Archivos": [
                {
                    "Archivo": "/home/javamantis1/Documentos/Analizar/Axa02Collection/S-036-02-Banamex/SimuladorBanamex/src/com/axa/mx/seguros/cobranza/servicios/IntegracionBanamexServiceLocator.java", 
                    "Cadena": [
                        "(^(?!.*[s|S][e|E][r|R][v|V][i|I][c|C][i|I][o|O][s|S]).*)(^(?!.*[a|A][p|P][p|P][s|S][e|E][r|R][v|V][e|E][r|R]))(^(?!.*[L|l][O|o][C|c][A|a][L|l][H|h][O|o][S|s][T|t]))(^(?!.*[uU][rR][lL]_[pP][rR][o|O][g|G][rR][eE][sS][sS]))(^(?!.*[J|j][d|D][b|B][c|C]))(^(?!.*[a|A][g|G][e|E][n|N][t|T][e|E][s|S]))(^(?!.*[M|m][O|o][N|n][G|g][O|o][D|d][B|b]).*)((.*):([0-9]{2,5})/)"
                    ], 
                    "Extension": ".java", 
                    "Hardcode": "true", 
                    "Lineas": [
                        {
                            "Linea": 25, 
                            "Texto": "    private java.lang.String IntegracionBanamex_address = \"http://10.212.227.26:8080/InterfazBanamex/services/IntegracionBanamex\";\r\n", 
                            "url": "http://10.212.227.26:8080/InterfazBanamex/services/IntegracionBanamex"
                        }
                    ], 
                    "NombreCad": "IP", 
                    "Repeticiones": 1
                }
            ], 
            "Nombre": "HardCode", 
            "Numero": "2"
        }
    ]
}