{
    "Aplicacion": "S-122BolsasCuposBatch", 
    "Prioridades": [
        {
            "Archivos": [], 
            "Nombre": "comentarios", 
            "Numero": "3"
        }, 
        {
            "Archivos": [
                {
                    "Archivo": "/home/javamantis1/Documentos/Analizar/Axa02Collection/S-122BolsasCuposBatch/env/local/properties/application.properties", 
                    "Cadena": [
                        "(^(?!.*[L|l][O|o][C|c][A|a][L|l][H|h][O|o][S|s][T|t]))(.*)[s|S][e|E][r|R][v|V][i|I][c|C][i|I][o|O][s|S][w|W][e|E][b|B](.*)"
                    ], 
                    "Extension": ".properties", 
                    "Hardcode": "false", 
                    "Lineas": [
                        {
                            "Linea": 1, 
                            "Texto": "mx.com.axa.byc.ws.url=http://servicioswebdev.axa.com.mx:9152/ConsultaAgentes/services/ConsultaDetallesAgente\r\n", 
                            "url": "http://servicioswebdev.axa.com.mx:9152/ConsultaAgentes/services/ConsultaDetallesAgente"
                        }, 
                        {
                            "Linea": 4, 
                            "Texto": "mx.com.axa.byc.ws.client.callidus=http://servicioswebdev.axa.com.mx:9152/ConsultaAgentes/services/ConsultaDetallesAgente\r\n", 
                            "url": "http://servicioswebdev.axa.com.mx:9152/ConsultaAgentes/services/ConsultaDetallesAgente"
                        }, 
                        {
                            "Linea": 5, 
                            "Texto": "mx.com.axa.byc.ws.client.callidusQA=http://servicioswebqa.axa.com.mx:9152/ConsultaAgentes/services/ConsultaDetallesAgente\r\n", 
                            "url": "http://servicioswebqa.axa.com.mx:9152/ConsultaAgentes/services/ConsultaDetallesAgente"
                        }
                    ], 
                    "NombreCad": "Datapower", 
                    "Repeticiones": 3
                }, 
                {
                    "Archivo": "/home/javamantis1/Documentos/Analizar/Axa02Collection/S-122BolsasCuposBatch/env/qa/properties/application.properties", 
                    "Cadena": [
                        "(^(?!.*[L|l][O|o][C|c][A|a][L|l][H|h][O|o][S|s][T|t]))(.*)[s|S][e|E][r|R][v|V][i|I][c|C][i|I][o|O][s|S][w|W][e|E][b|B](.*)"
                    ], 
                    "Extension": ".properties", 
                    "Hardcode": "false", 
                    "Lineas": [
                        {
                            "Linea": 2, 
                            "Texto": "mx.com.axa.byc.ws.url=http://servicioswebqa.axa.com.mx:9152/ConsultaAgentes/services/ConsultaDetallesAgente\r\n", 
                            "url": "http://servicioswebqa.axa.com.mx:9152/ConsultaAgentes/services/ConsultaDetallesAgente"
                        }, 
                        {
                            "Linea": 10, 
                            "Texto": "mx.com.axa.byc.ws.client.callidus=http://servicioswebqa.axa.com.mx:9152/ConsultaAgentes/services/ConsultaDetallesAgente\r\n", 
                            "url": "http://servicioswebqa.axa.com.mx:9152/ConsultaAgentes/services/ConsultaDetallesAgente"
                        }, 
                        {
                            "Linea": 11, 
                            "Texto": "mx.com.axa.byc.ws.client.callidusQA=http://servicioswebqa.axa.com.mx:9152/ConsultaAgentes/services/ConsultaDetallesAgente\r\n", 
                            "url": "http://servicioswebqa.axa.com.mx:9152/ConsultaAgentes/services/ConsultaDetallesAgente"
                        }
                    ], 
                    "NombreCad": "Datapower", 
                    "Repeticiones": 3
                }, 
                {
                    "Archivo": "/home/javamantis1/Documentos/Analizar/Axa02Collection/S-122BolsasCuposBatch/env/dev/properties/application.properties", 
                    "Cadena": [
                        "(^(?!.*[L|l][O|o][C|c][A|a][L|l][H|h][O|o][S|s][T|t]))(.*)[s|S][e|E][r|R][v|V][i|I][c|C][i|I][o|O][s|S][w|W][e|E][b|B](.*)"
                    ], 
                    "Extension": ".properties", 
                    "Hardcode": "false", 
                    "Lineas": [
                        {
                            "Linea": 2, 
                            "Texto": "mx.com.axa.byc.ws.url=http://servicioswebdev.axa.com.mx:9152/ConsultaAgentes/services/ConsultaDetallesAgente\r\n", 
                            "url": "http://servicioswebdev.axa.com.mx:9152/ConsultaAgentes/services/ConsultaDetallesAgente"
                        }, 
                        {
                            "Linea": 10, 
                            "Texto": "mx.com.axa.byc.ws.client.callidus=http://servicioswebdev.axa.com.mx:9152/ConsultaAgentes/services/ConsultaDetallesAgente\r\n", 
                            "url": "http://servicioswebdev.axa.com.mx:9152/ConsultaAgentes/services/ConsultaDetallesAgente"
                        }
                    ], 
                    "NombreCad": "Datapower", 
                    "Repeticiones": 2
                }, 
                {
                    "Archivo": "/home/javamantis1/Documentos/Analizar/Axa02Collection/S-122BolsasCuposBatch/env/prod/properties/application.properties", 
                    "Cadena": [
                        "(^(?!.*[L|l][O|o][C|c][A|a][L|l][H|h][O|o][S|s][T|t]))(.*)[s|S][e|E][r|R][v|V][i|I][c|C][i|I][o|O][s|S][w|W][e|E][b|B](.*)"
                    ], 
                    "Extension": ".properties", 
                    "Hardcode": "false", 
                    "Lineas": [
                        {
                            "Linea": 2, 
                            "Texto": "mx.com.axa.byc.ws.url=http://serviciosweb.axa.com.mx:9152/ConsultaAgentes/services/ConsultaDetallesAgente\r\n", 
                            "url": "http://serviciosweb.axa.com.mx:9152/ConsultaAgentes/services/ConsultaDetallesAgente"
                        }, 
                        {
                            "Linea": 11, 
                            "Texto": "mx.com.axa.byc.ws.client.callidus=http://serviciosweb.axa.com.mx:9152/ConsultaAgentes/services/ConsultaDetallesAgente\r\n", 
                            "url": "http://serviciosweb.axa.com.mx:9152/ConsultaAgentes/services/ConsultaDetallesAgente"
                        }, 
                        {
                            "Linea": 12, 
                            "Texto": "mx.com.axa.byc.ws.client.callidusQA=http://serviciosweb.axa.com.mx:9152/ConsultaAgentes/services/ConsultaDetallesAgente\r\n", 
                            "url": "http://serviciosweb.axa.com.mx:9152/ConsultaAgentes/services/ConsultaDetallesAgente"
                        }
                    ], 
                    "NombreCad": "Datapower", 
                    "Repeticiones": 3
                }
            ], 
            "Nombre": "Sin hardcode", 
            "Numero": "1"
        }, 
        {
            "Archivos": [], 
            "Nombre": "HardCode", 
            "Numero": "2"
        }
    ]
}