{
    "Aplicacion": "S_039_WSA-EmisionPolizasWS", 
    "Prioridades": [
        {
            "Archivos": [
                {
                    "Archivo": "/home/javamantis1/Documentos/Analizar/Axa02Collection/S_039_WSA-EmisionPolizasWS/bin/WEB-INF/properties/connectionpool.properties", 
                    "Cadena": [
                        "(.*)[j|J][n|N][d|D][i|I][d|D][a|A][t|T][a|A][s|S][o|O][u|U][r|R][c|C][e|E][n|N][a|A][m|M][e|E]=(.*)"
                    ], 
                    "Extension": ".properties", 
                    "Hardcode": "false", 
                    "Lineas": [
                        {
                            "Linea": 97, 
                            "NombreSource": "=MyOracleDataSource", 
                            "Texto": "#\tJNDIDataSourceName=MyOracleDataSource|\\\r\n"
                        }
                    ], 
                    "NombreCad": "DataSourceName", 
                    "Repeticiones": 1
                }, 
                {
                    "Archivo": "/home/javamantis1/Documentos/Analizar/Axa02Collection/S_039_WSA-EmisionPolizasWS/env/local/properties/connectionpool.properties", 
                    "Cadena": [
                        "(.*)[j|J][n|N][d|D][i|I][d|D][a|A][t|T][a|A][s|S][o|O][u|U][r|R][c|C][e|E][n|N][a|A][m|M][e|E]=(.*)"
                    ], 
                    "Extension": ".properties", 
                    "Hardcode": "false", 
                    "Lineas": [
                        {
                            "Linea": 97, 
                            "NombreSource": "=MyOracleDataSource", 
                            "Texto": "#\tJNDIDataSourceName=MyOracleDataSource|\\\r\n"
                        }
                    ], 
                    "NombreCad": "DataSourceName", 
                    "Repeticiones": 1
                }, 
                {
                    "Archivo": "/home/javamantis1/Documentos/Analizar/Axa02Collection/S_039_WSA-EmisionPolizasWS/env/qa/properties/connectionpool.properties", 
                    "Cadena": [
                        "(.*)[j|J][n|N][d|D][i|I][d|D][a|A][t|T][a|A][s|S][o|O][u|U][r|R][c|C][e|E][n|N][a|A][m|M][e|E]=(.*)"
                    ], 
                    "Extension": ".properties", 
                    "Hardcode": "false", 
                    "Lineas": [
                        {
                            "Linea": 97, 
                            "NombreSource": "=MyOracleDataSource", 
                            "Texto": "#\tJNDIDataSourceName=MyOracleDataSource|\\\r\n"
                        }
                    ], 
                    "NombreCad": "DataSourceName", 
                    "Repeticiones": 1
                }, 
                {
                    "Archivo": "/home/javamantis1/Documentos/Analizar/Axa02Collection/S_039_WSA-EmisionPolizasWS/env/dev/properties/connectionpool.properties", 
                    "Cadena": [
                        "(.*)[j|J][n|N][d|D][i|I][d|D][a|A][t|T][a|A][s|S][o|O][u|U][r|R][c|C][e|E][n|N][a|A][m|M][e|E]=(.*)"
                    ], 
                    "Extension": ".properties", 
                    "Hardcode": "false", 
                    "Lineas": [
                        {
                            "Linea": 97, 
                            "NombreSource": "=MyOracleDataSource", 
                            "Texto": "#\tJNDIDataSourceName=MyOracleDataSource|\\\r\n"
                        }
                    ], 
                    "NombreCad": "DataSourceName", 
                    "Repeticiones": 1
                }, 
                {
                    "Archivo": "/home/javamantis1/Documentos/Analizar/Axa02Collection/S_039_WSA-EmisionPolizasWS/env/prod/properties/connectionpool.properties", 
                    "Cadena": [
                        "(.*)[j|J][n|N][d|D][i|I][d|D][a|A][t|T][a|A][s|S][o|O][u|U][r|R][c|C][e|E][n|N][a|A][m|M][e|E]=(.*)"
                    ], 
                    "Extension": ".properties", 
                    "Hardcode": "false", 
                    "Lineas": [
                        {
                            "Linea": 97, 
                            "NombreSource": "=MyOracleDataSource", 
                            "Texto": "#\tJNDIDataSourceName=MyOracleDataSource|\\\r\n"
                        }
                    ], 
                    "NombreCad": "DataSourceName", 
                    "Repeticiones": 1
                }, 
                {
                    "Archivo": "/home/javamantis1/Documentos/Analizar/Axa02Collection/S_039_WSA-EmisionPolizasWS/src/com/ing/ia3/mx/seguros/autos/emisionpolizas/action/CondicionesEmisionAction.java", 
                    "Cadena": [
                        "(^(?!.*[s|S][e|E][r|R][v|V][i|I][c|C][i|I][o|O][s|S]).*)(^(?!.*[a|A][p|P][p|P][s|S][e|E][r|R][v|V][e|E][r|R]))(^(?!.*[L|l][O|o][C|c][A|a][L|l][H|h][O|o][S|s][T|t]))(^(?!.*[uU][rR][lL]_[pP][rR][o|O][g|G][rR][eE][sS][sS]))(^(?!.*[J|j][d|D][b|B][c|C]))(^(?!.*[a|A][g|G][e|E][n|N][t|T][e|E][s|S]))(^(?!.*[M|m][O|o][N|n][G|g][O|o][D|d][B|b]).*)((.*):([0-9]{2,5})/)"
                    ], 
                    "Extension": ".java", 
                    "Hardcode": "true", 
                    "Lineas": [
                        {
                            "Linea": 718, 
                            "Texto": "            // ING:18/06/08\r\n"
                        }
                    ], 
                    "NombreCad": "IP", 
                    "Repeticiones": 1
                }
            ], 
            "Nombre": "comentarios", 
            "Numero": "3"
        }, 
        {
            "Archivos": [
                {
                    "Archivo": "/home/javamantis1/Documentos/Analizar/Axa02Collection/S_039_WSA-EmisionPolizasWS/build/classes/com/ing/ia3/mx/seguros/autos/emisionpolizas/resource/parametros.properties", 
                    "Cadena": [
                        "(^(?!.*[s|S][e|E][r|R][v|V][i|I][c|C][i|I][o|O][s|S]).*)(^(?!.*[a|A][p|P][p|P][s|S][e|E][r|R][v|V][e|E][r|R]))(^(?!.*[L|l][O|o][C|c][A|a][L|l][H|h][O|o][S|s][T|t]))(^(?!.*[uU][rR][lL]_[pP][rR][o|O][g|G][rR][eE][sS][sS]))(^(?!.*[J|j][d|D][b|B][c|C]))(^(?!.*[a|A][g|G][e|E][n|N][t|T][e|E][s|S]))(^(?!.*[M|m][O|o][N|n][G|g][O|o][D|d][B|b]).*)((.*):([0-9]{2,5})/)"
                    ], 
                    "Extension": ".properties", 
                    "Hardcode": "false", 
                    "Lineas": [
                        {
                            "Linea": 14, 
                            "Texto": "URL_WS1=http://10.212.196.13:9080/EmisionPolizasWS/services/StartJobService\r\n", 
                            "url": "http://10.212.196.13:9080/EmisionPolizasWS/services/StartJobService"
                        }, 
                        {
                            "Linea": 18, 
                            "Texto": "URL_WS2=http://10.212.227.34:9080/EmisionPolizasWS/services/StartJobService\r\n", 
                            "url": "http://10.212.227.34:9080/EmisionPolizasWS/services/StartJobService"
                        }
                    ], 
                    "NombreCad": "IP", 
                    "Repeticiones": 2
                }, 
                {
                    "Archivo": "/home/javamantis1/Documentos/Analizar/Axa02Collection/S_039_WSA-EmisionPolizasWS/bin/WEB-INF/properties/connectionpool.properties", 
                    "Cadena": [
                        "(.*)[j|J][n|N][d|D][i|I][d|D][a|A][t|T][a|A][s|S][o|O][u|U][r|R][c|C][e|E][n|N][a|A][m|M][e|E]=(.*)"
                    ], 
                    "Extension": ".properties", 
                    "Hardcode": "false", 
                    "Lineas": [
                        {
                            "Linea": 58, 
                            "NombreSource": "=EmisionPolizasWSDataSource", 
                            "Texto": "\tJNDIDataSourceName=EmisionPolizasWSDataSource|\\\r\n"
                        }
                    ], 
                    "NombreCad": "DataSourceName", 
                    "Repeticiones": 1
                }, 
                {
                    "Archivo": "/home/javamantis1/Documentos/Analizar/Axa02Collection/S_039_WSA-EmisionPolizasWS/bin/WEB-INF/properties/EmisionPolizasWS.properties", 
                    "Cadena": [
                        "(^(?!.*[s|S][e|E][r|R][v|V][i|I][c|C][i|I][o|O][s|S]).*)(^(?!.*[a|A][p|P][p|P][s|S][e|E][r|R][v|V][e|E][r|R]))(^(?!.*[L|l][O|o][C|c][A|a][L|l][H|h][O|o][S|s][T|t]))(^(?!.*[uU][rR][lL]_[pP][rR][o|O][g|G][rR][eE][sS][sS]))(^(?!.*[J|j][d|D][b|B][c|C]))(^(?!.*[a|A][g|G][e|E][n|N][t|T][e|E][s|S]))(^(?!.*[M|m][O|o][N|n][G|g][O|o][D|d][B|b]).*)((.*):([0-9]{2,5})/)"
                    ], 
                    "Extension": ".properties", 
                    "Hardcode": "false", 
                    "Lineas": [
                        {
                            "Linea": 295, 
                            "Texto": "ssoUrl=http://dev-ia3ssoadmin.us.americas.intranet:80/soap/servlet/rpcrouter\r\n", 
                            "url": "http://dev-ia3ssoadmin.us.americas.intranet:80/soap/servlet/rpcrouter"
                        }
                    ], 
                    "NombreCad": "IP", 
                    "Repeticiones": 1
                }, 
                {
                    "Archivo": "/home/javamantis1/Documentos/Analizar/Axa02Collection/S_039_WSA-EmisionPolizasWS/bin/WEB-INF/classes/com/ing/ia3/mx/seguros/autos/emisionpolizas/resource/parametros.properties", 
                    "Cadena": [
                        "(^(?!.*[s|S][e|E][r|R][v|V][i|I][c|C][i|I][o|O][s|S]).*)(^(?!.*[a|A][p|P][p|P][s|S][e|E][r|R][v|V][e|E][r|R]))(^(?!.*[L|l][O|o][C|c][A|a][L|l][H|h][O|o][S|s][T|t]))(^(?!.*[uU][rR][lL]_[pP][rR][o|O][g|G][rR][eE][sS][sS]))(^(?!.*[J|j][d|D][b|B][c|C]))(^(?!.*[a|A][g|G][e|E][n|N][t|T][e|E][s|S]))(^(?!.*[M|m][O|o][N|n][G|g][O|o][D|d][B|b]).*)((.*):([0-9]{2,5})/)"
                    ], 
                    "Extension": ".properties", 
                    "Hardcode": "false", 
                    "Lineas": [
                        {
                            "Linea": 14, 
                            "Texto": "URL_WS1=http://10.212.196.13:9080/EmisionPolizasWS/services/StartJobService\r\n", 
                            "url": "http://10.212.196.13:9080/EmisionPolizasWS/services/StartJobService"
                        }, 
                        {
                            "Linea": 18, 
                            "Texto": "URL_WS2=http://10.212.227.34:9080/EmisionPolizasWS/services/StartJobService\r\n", 
                            "url": "http://10.212.227.34:9080/EmisionPolizasWS/services/StartJobService"
                        }
                    ], 
                    "NombreCad": "IP", 
                    "Repeticiones": 2
                }, 
                {
                    "Archivo": "/home/javamantis1/Documentos/Analizar/Axa02Collection/S_039_WSA-EmisionPolizasWS/env/local/properties/connectionpool.properties", 
                    "Cadena": [
                        "(.*)[j|J][n|N][d|D][i|I][d|D][a|A][t|T][a|A][s|S][o|O][u|U][r|R][c|C][e|E][n|N][a|A][m|M][e|E]=(.*)"
                    ], 
                    "Extension": ".properties", 
                    "Hardcode": "false", 
                    "Lineas": [
                        {
                            "Linea": 58, 
                            "NombreSource": "=EmisionPolizasWSDataSource", 
                            "Texto": "\tJNDIDataSourceName=EmisionPolizasWSDataSource|\\\r\n"
                        }
                    ], 
                    "NombreCad": "DataSourceName", 
                    "Repeticiones": 1
                }, 
                {
                    "Archivo": "/home/javamantis1/Documentos/Analizar/Axa02Collection/S_039_WSA-EmisionPolizasWS/env/local/properties/EmisionPolizasWS.properties", 
                    "Cadena": [
                        "(^(?!.*[s|S][e|E][r|R][v|V][i|I][c|C][i|I][o|O][s|S]).*)(^(?!.*[a|A][p|P][p|P][s|S][e|E][r|R][v|V][e|E][r|R]))(^(?!.*[L|l][O|o][C|c][A|a][L|l][H|h][O|o][S|s][T|t]))(^(?!.*[uU][rR][lL]_[pP][rR][o|O][g|G][rR][eE][sS][sS]))(^(?!.*[J|j][d|D][b|B][c|C]))(^(?!.*[a|A][g|G][e|E][n|N][t|T][e|E][s|S]))(^(?!.*[M|m][O|o][N|n][G|g][O|o][D|d][B|b]).*)((.*):([0-9]{2,5})/)"
                    ], 
                    "Extension": ".properties", 
                    "Hardcode": "false", 
                    "Lineas": [
                        {
                            "Linea": 295, 
                            "Texto": "ssoUrl=http://dev-ia3ssoadmin.us.americas.intranet:80/soap/servlet/rpcrouter\r\n", 
                            "url": "http://dev-ia3ssoadmin.us.americas.intranet:80/soap/servlet/rpcrouter"
                        }
                    ], 
                    "NombreCad": "IP", 
                    "Repeticiones": 1
                }, 
                {
                    "Archivo": "/home/javamantis1/Documentos/Analizar/Axa02Collection/S_039_WSA-EmisionPolizasWS/env/qa/properties/connectionpool.properties", 
                    "Cadena": [
                        "(.*)[j|J][n|N][d|D][i|I][d|D][a|A][t|T][a|A][s|S][o|O][u|U][r|R][c|C][e|E][n|N][a|A][m|M][e|E]=(.*)"
                    ], 
                    "Extension": ".properties", 
                    "Hardcode": "false", 
                    "Lineas": [
                        {
                            "Linea": 58, 
                            "NombreSource": "=EmisionPolizasWSDataSource", 
                            "Texto": "\tJNDIDataSourceName=EmisionPolizasWSDataSource|\\\r\n"
                        }
                    ], 
                    "NombreCad": "DataSourceName", 
                    "Repeticiones": 1
                }, 
                {
                    "Archivo": "/home/javamantis1/Documentos/Analizar/Axa02Collection/S_039_WSA-EmisionPolizasWS/env/qa/properties/EmisionPolizasWS.properties", 
                    "Cadena": [
                        "(^(?!.*[s|S][e|E][r|R][v|V][i|I][c|C][i|I][o|O][s|S]).*)(^(?!.*[a|A][p|P][p|P][s|S][e|E][r|R][v|V][e|E][r|R]))(^(?!.*[L|l][O|o][C|c][A|a][L|l][H|h][O|o][S|s][T|t]))(^(?!.*[uU][rR][lL]_[pP][rR][o|O][g|G][rR][eE][sS][sS]))(^(?!.*[J|j][d|D][b|B][c|C]))(^(?!.*[a|A][g|G][e|E][n|N][t|T][e|E][s|S]))(^(?!.*[M|m][O|o][N|n][G|g][O|o][D|d][B|b]).*)((.*):([0-9]{2,5})/)"
                    ], 
                    "Extension": ".properties", 
                    "Hardcode": "false", 
                    "Lineas": [
                        {
                            "Linea": 295, 
                            "Texto": "ssoUrl=http://dev-ia3ssoadmin.us.americas.intranet:80/soap/servlet/rpcrouter\r\n", 
                            "url": "http://dev-ia3ssoadmin.us.americas.intranet:80/soap/servlet/rpcrouter"
                        }
                    ], 
                    "NombreCad": "IP", 
                    "Repeticiones": 1
                }, 
                {
                    "Archivo": "/home/javamantis1/Documentos/Analizar/Axa02Collection/S_039_WSA-EmisionPolizasWS/env/dev/properties/connectionpool.properties", 
                    "Cadena": [
                        "(.*)[j|J][n|N][d|D][i|I][d|D][a|A][t|T][a|A][s|S][o|O][u|U][r|R][c|C][e|E][n|N][a|A][m|M][e|E]=(.*)"
                    ], 
                    "Extension": ".properties", 
                    "Hardcode": "false", 
                    "Lineas": [
                        {
                            "Linea": 58, 
                            "NombreSource": "=EmisionPolizasWSDataSource", 
                            "Texto": "\tJNDIDataSourceName=EmisionPolizasWSDataSource|\\\r\n"
                        }
                    ], 
                    "NombreCad": "DataSourceName", 
                    "Repeticiones": 1
                }, 
                {
                    "Archivo": "/home/javamantis1/Documentos/Analizar/Axa02Collection/S_039_WSA-EmisionPolizasWS/env/dev/properties/EmisionPolizasWS.properties", 
                    "Cadena": [
                        "(^(?!.*[s|S][e|E][r|R][v|V][i|I][c|C][i|I][o|O][s|S]).*)(^(?!.*[a|A][p|P][p|P][s|S][e|E][r|R][v|V][e|E][r|R]))(^(?!.*[L|l][O|o][C|c][A|a][L|l][H|h][O|o][S|s][T|t]))(^(?!.*[uU][rR][lL]_[pP][rR][o|O][g|G][rR][eE][sS][sS]))(^(?!.*[J|j][d|D][b|B][c|C]))(^(?!.*[a|A][g|G][e|E][n|N][t|T][e|E][s|S]))(^(?!.*[M|m][O|o][N|n][G|g][O|o][D|d][B|b]).*)((.*):([0-9]{2,5})/)"
                    ], 
                    "Extension": ".properties", 
                    "Hardcode": "false", 
                    "Lineas": [
                        {
                            "Linea": 295, 
                            "Texto": "ssoUrl=http://dev-ia3ssoadmin.us.americas.intranet:80/soap/servlet/rpcrouter\r\n", 
                            "url": "http://dev-ia3ssoadmin.us.americas.intranet:80/soap/servlet/rpcrouter"
                        }
                    ], 
                    "NombreCad": "IP", 
                    "Repeticiones": 1
                }, 
                {
                    "Archivo": "/home/javamantis1/Documentos/Analizar/Axa02Collection/S_039_WSA-EmisionPolizasWS/env/prod/properties/connectionpool.properties", 
                    "Cadena": [
                        "(.*)[j|J][n|N][d|D][i|I][d|D][a|A][t|T][a|A][s|S][o|O][u|U][r|R][c|C][e|E][n|N][a|A][m|M][e|E]=(.*)"
                    ], 
                    "Extension": ".properties", 
                    "Hardcode": "false", 
                    "Lineas": [
                        {
                            "Linea": 58, 
                            "NombreSource": "=EmisionPolizasWSDataSource", 
                            "Texto": "\tJNDIDataSourceName=EmisionPolizasWSDataSource|\\\r\n"
                        }
                    ], 
                    "NombreCad": "DataSourceName", 
                    "Repeticiones": 1
                }, 
                {
                    "Archivo": "/home/javamantis1/Documentos/Analizar/Axa02Collection/S_039_WSA-EmisionPolizasWS/env/prod/properties/EmisionPolizasWS.properties", 
                    "Cadena": [
                        "(^(?!.*[s|S][e|E][r|R][v|V][i|I][c|C][i|I][o|O][s|S]).*)(^(?!.*[a|A][p|P][p|P][s|S][e|E][r|R][v|V][e|E][r|R]))(^(?!.*[L|l][O|o][C|c][A|a][L|l][H|h][O|o][S|s][T|t]))(^(?!.*[uU][rR][lL]_[pP][rR][o|O][g|G][rR][eE][sS][sS]))(^(?!.*[J|j][d|D][b|B][c|C]))(^(?!.*[a|A][g|G][e|E][n|N][t|T][e|E][s|S]))(^(?!.*[M|m][O|o][N|n][G|g][O|o][D|d][B|b]).*)((.*):([0-9]{2,5})/)"
                    ], 
                    "Extension": ".properties", 
                    "Hardcode": "false", 
                    "Lineas": [
                        {
                            "Linea": 295, 
                            "Texto": "ssoUrl=http://dev-ia3ssoadmin.us.americas.intranet:80/soap/servlet/rpcrouter\r\n", 
                            "url": "http://dev-ia3ssoadmin.us.americas.intranet:80/soap/servlet/rpcrouter"
                        }
                    ], 
                    "NombreCad": "IP", 
                    "Repeticiones": 1
                }, 
                {
                    "Archivo": "/home/javamantis1/Documentos/Analizar/Axa02Collection/S_039_WSA-EmisionPolizasWS/src/com/ing/ia3/mx/seguros/autos/emisionpolizas/resource/parametros.properties", 
                    "Cadena": [
                        "(^(?!.*[s|S][e|E][r|R][v|V][i|I][c|C][i|I][o|O][s|S]).*)(^(?!.*[a|A][p|P][p|P][s|S][e|E][r|R][v|V][e|E][r|R]))(^(?!.*[L|l][O|o][C|c][A|a][L|l][H|h][O|o][S|s][T|t]))(^(?!.*[uU][rR][lL]_[pP][rR][o|O][g|G][rR][eE][sS][sS]))(^(?!.*[J|j][d|D][b|B][c|C]))(^(?!.*[a|A][g|G][e|E][n|N][t|T][e|E][s|S]))(^(?!.*[M|m][O|o][N|n][G|g][O|o][D|d][B|b]).*)((.*):([0-9]{2,5})/)"
                    ], 
                    "Extension": ".properties", 
                    "Hardcode": "false", 
                    "Lineas": [
                        {
                            "Linea": 14, 
                            "Texto": "URL_WS1=http://10.212.196.13:9080/EmisionPolizasWS/services/StartJobService\r\n", 
                            "url": "http://10.212.196.13:9080/EmisionPolizasWS/services/StartJobService"
                        }, 
                        {
                            "Linea": 18, 
                            "Texto": "URL_WS2=http://10.212.227.34:9080/EmisionPolizasWS/services/StartJobService\r\n", 
                            "url": "http://10.212.227.34:9080/EmisionPolizasWS/services/StartJobService"
                        }
                    ], 
                    "NombreCad": "IP", 
                    "Repeticiones": 2
                }
            ], 
            "Nombre": "Sin hardcode", 
            "Numero": "1"
        }, 
        {
            "Archivos": [
                {
                    "Archivo": "/home/javamantis1/Documentos/Analizar/Axa02Collection/S_039_WSA-EmisionPolizasWS/test/com/ing/ia3/mx/seguros/autos/emisionpolizas/proxy/ConsultaAutosProxyTest.java", 
                    "Cadena": [
                        "(^(?!.*[L|l][O|o][C|c][A|a][L|l][H|h][O|o][S|s][T|t]))(.*)[a|A][p|P][p|P][s|S][e|E][r|R][v|V][e|E][r|R](.*)://(.*):[0-9]{2,5}/(.*)"
                    ], 
                    "Extension": ".java", 
                    "Hardcode": "true", 
                    "Lineas": [
                        {
                            "Linea": 26, 
                            "Texto": "\t\t// urlString = \"AppServer://ds_vida:5235/asbautwse\";\r\n", 
                            "url": "AppServer://ds_vida:5235/asbautwse"
                        }, 
                        {
                            "Linea": 27, 
                            "Texto": "\t\turlString = \"AppServer://ds_vida:5235/asbautwse2\";\r\n", 
                            "url": "AppServer://ds_vida:5235/asbautwse2"
                        }
                    ], 
                    "NombreCad": "Progress", 
                    "Repeticiones": 2
                }, 
                {
                    "Archivo": "/home/javamantis1/Documentos/Analizar/Axa02Collection/S_039_WSA-EmisionPolizasWS/src/com/ing/ia3/mx/seguros/autos/emisionpolizas/gestiondocumental/ecmws/EcmWSClient.java", 
                    "Cadena": [
                        "(^(?!.*[L|l][O|o][C|c][A|a][L|l][H|h][O|o][S|s][T|t]))(.*)[s|S][e|E][r|R][v|V][i|I][c|C][i|I][o|O][s|S][w|W][e|E][b|B](.*)"
                    ], 
                    "Extension": ".java", 
                    "Hardcode": "true", 
                    "Lineas": [
                        {
                            "Linea": 59, 
                            "Texto": "    \t//String url  = \"http://servicioswebdev.axa.com.mx:9185/eip/dp/gestionDocumental/ecmWS\";\r\n", 
                            "url": "http://servicioswebdev.axa.com.mx:9185/eip/dp/gestionDocumental/ecmWS"
                        }
                    ], 
                    "NombreCad": "Datapower", 
                    "Repeticiones": 1
                }, 
                {
                    "Archivo": "/home/javamantis1/Documentos/Analizar/Axa02Collection/S_039_WSA-EmisionPolizasWS/src/com/ing/ia3/mx/seguros/autos/emisionpolizas/gestiondocumental/ecmws/EcmWSClient.java", 
                    "Cadena": [
                        "(^(?!.*[s|S][e|E][r|R][v|V][i|I][c|C][i|I][o|O][s|S]).*)(^(?!.*[a|A][p|P][p|P][s|S][e|E][r|R][v|V][e|E][r|R]))(^(?!.*[L|l][O|o][C|c][A|a][L|l][H|h][O|o][S|s][T|t]))(^(?!.*[uU][rR][lL]_[pP][rR][o|O][g|G][rR][eE][sS][sS]))(^(?!.*[J|j][d|D][b|B][c|C]))(^(?!.*[a|A][g|G][e|E][n|N][t|T][e|E][s|S]))(^(?!.*[M|m][O|o][N|n][G|g][O|o][D|d][B|b]).*)((.*):([0-9]{2,5})/)"
                    ], 
                    "Extension": ".java", 
                    "Hardcode": "true", 
                    "Lineas": [
                        {
                            "Linea": 60, 
                            "Texto": "    \t//String url  = \"http://10.77.5.75:9185/eip/dp/gestionDocumental/ecmWS\";\r\n", 
                            "url": "http://10.77.5.75:9185/eip/dp/gestionDocumental/ecmWS"
                        }
                    ], 
                    "NombreCad": "IP", 
                    "Repeticiones": 1
                }
            ], 
            "Nombre": "HardCode", 
            "Numero": "2"
        }
    ]
}