{
    "Aplicacion": "S_100_B-CotizadorPBE", 
    "Prioridades": [
        {
            "Archivos": [
                {
                    "Archivo": "/home/javamantis1/Documentos/Analizar/Axa02Collection/S_100_B-CotizadorPBE/env/qa2/properties/connectionpool.properties", 
                    "Cadena": [
                        "(.*)[j|J][n|N][d|D][i|I][d|D][a|A][t|T][a|A][s|S][o|O][u|U][r|R][c|C][e|E][n|N][a|A][m|M][e|E]=(.*)"
                    ], 
                    "Extension": ".properties", 
                    "Hardcode": "false", 
                    "Lineas": [
                        {
                            "Linea": 87, 
                            "NombreSource": "=MyOracleDataSource", 
                            "Texto": "#\tJNDIDataSourceName=MyOracleDataSource\r\n"
                        }
                    ], 
                    "NombreCad": "DataSourceName", 
                    "Repeticiones": 1
                }, 
                {
                    "Archivo": "/home/javamantis1/Documentos/Analizar/Axa02Collection/S_100_B-CotizadorPBE/env/local/properties/connectionpool.properties", 
                    "Cadena": [
                        "(.*)[j|J][n|N][d|D][i|I][d|D][a|A][t|T][a|A][s|S][o|O][u|U][r|R][c|C][e|E][n|N][a|A][m|M][e|E]=(.*)"
                    ], 
                    "Extension": ".properties", 
                    "Hardcode": "false", 
                    "Lineas": [
                        {
                            "Linea": 86, 
                            "NombreSource": "=MyOracleDataSource", 
                            "Texto": "#\tJNDIDataSourceName=MyOracleDataSource\r\n"
                        }
                    ], 
                    "NombreCad": "DataSourceName", 
                    "Repeticiones": 1
                }, 
                {
                    "Archivo": "/home/javamantis1/Documentos/Analizar/Axa02Collection/S_100_B-CotizadorPBE/env/qa/properties/connectionpool.properties", 
                    "Cadena": [
                        "(.*)[j|J][n|N][d|D][i|I][d|D][a|A][t|T][a|A][s|S][o|O][u|U][r|R][c|C][e|E][n|N][a|A][m|M][e|E]=(.*)"
                    ], 
                    "Extension": ".properties", 
                    "Hardcode": "false", 
                    "Lineas": [
                        {
                            "Linea": 87, 
                            "NombreSource": "=MyOracleDataSource", 
                            "Texto": "#\tJNDIDataSourceName=MyOracleDataSource\r\n"
                        }
                    ], 
                    "NombreCad": "DataSourceName", 
                    "Repeticiones": 1
                }, 
                {
                    "Archivo": "/home/javamantis1/Documentos/Analizar/Axa02Collection/S_100_B-CotizadorPBE/env/dev/properties/connectionpool.properties", 
                    "Cadena": [
                        "(.*)[j|J][n|N][d|D][i|I][d|D][a|A][t|T][a|A][s|S][o|O][u|U][r|R][c|C][e|E][n|N][a|A][m|M][e|E]=(.*)"
                    ], 
                    "Extension": ".properties", 
                    "Hardcode": "false", 
                    "Lineas": [
                        {
                            "Linea": 86, 
                            "NombreSource": "=MyOracleDataSource", 
                            "Texto": "#\tJNDIDataSourceName=MyOracleDataSource\r\n"
                        }
                    ], 
                    "NombreCad": "DataSourceName", 
                    "Repeticiones": 1
                }, 
                {
                    "Archivo": "/home/javamantis1/Documentos/Analizar/Axa02Collection/S_100_B-CotizadorPBE/env/prod/properties/connectionpool.properties", 
                    "Cadena": [
                        "(.*)[j|J][n|N][d|D][i|I][d|D][a|A][t|T][a|A][s|S][o|O][u|U][r|R][c|C][e|E][n|N][a|A][m|M][e|E]=(.*)"
                    ], 
                    "Extension": ".properties", 
                    "Hardcode": "false", 
                    "Lineas": [
                        {
                            "Linea": 86, 
                            "NombreSource": "=MyOracleDataSource", 
                            "Texto": "#\tJNDIDataSourceName=MyOracleDataSource\r\n"
                        }
                    ], 
                    "NombreCad": "DataSourceName", 
                    "Repeticiones": 1
                }
            ], 
            "Nombre": "comentarios", 
            "Numero": "3"
        }, 
        {
            "Archivos": [
                {
                    "Archivo": "/home/javamantis1/Documentos/Analizar/Axa02Collection/S_100_B-CotizadorPBE/env/qa2/WEB-INF/o4glconfig.xml", 
                    "Cadena": [
                        "(^(?!.*[L|l][O|o][C|c][A|a][L|l][H|h][O|o][S|s][T|t]))(.*)[a|A][p|P][p|P][s|S][e|E][r|R][v|V][e|E][r|R](.*)://(.*):[0-9]{2,5}/(.*)"
                    ], 
                    "Extension": ".xml", 
                    "Hardcode": "false", 
                    "Lineas": [
                        {
                            "Linea": 16, 
                            "Texto": "\t\t<url>AppServer://ux_desa8:5329/asbdanpbe</url>\r\n", 
                            "url": "AppServer://ux_desa8:5329/asbdanpbe"
                        }, 
                        {
                            "Linea": 26, 
                            "Texto": "\t\t<url>AppServer://ux_desa8:5329/asbdanpbe2</url>\r\n", 
                            "url": "AppServer://ux_desa8:5329/asbdanpbe2"
                        }
                    ], 
                    "NombreCad": "Progress", 
                    "Repeticiones": 2
                }, 
                {
                    "Archivo": "/home/javamantis1/Documentos/Analizar/Axa02Collection/S_100_B-CotizadorPBE/env/qa2/properties/connectionpool.properties", 
                    "Cadena": [
                        "(.*)[j|J][n|N][d|D][i|I][d|D][a|A][t|T][a|A][s|S][o|O][u|U][r|R][c|C][e|E][n|N][a|A][m|M][e|E]=(.*)"
                    ], 
                    "Extension": ".properties", 
                    "Hardcode": "false", 
                    "Lineas": [
                        {
                            "Linea": 56, 
                            "NombreSource": "=jndi", 
                            "Texto": "\tJNDIDataSourceName=jndi/cotizadorPBE|\\\r\n"
                        }, 
                        {
                            "Linea": 64, 
                            "NombreSource": "=jndi", 
                            "Texto": "\tJNDIDataSourceName=jndi/emiautosPBE|\\\r\n"
                        }
                    ], 
                    "NombreCad": "DataSourceName", 
                    "Repeticiones": 2
                }, 
                {
                    "Archivo": "/home/javamantis1/Documentos/Analizar/Axa02Collection/S_100_B-CotizadorPBE/env/local/WEB-INF/o4glconfig.xml", 
                    "Cadena": [
                        "(^(?!.*[s|S][e|E][r|R][v|V][i|I][c|C][i|I][o|O][s|S]).*)(^(?!.*[a|A][p|P][p|P][s|S][e|E][r|R][v|V][e|E][r|R]))(^(?!.*[L|l][O|o][C|c][A|a][L|l][H|h][O|o][S|s][T|t]))(^(?!.*[uU][rR][lL]_[pP][rR][o|O][g|G][rR][eE][sS][sS]))(^(?!.*[J|j][d|D][b|B][c|C]))(^(?!.*[a|A][g|G][e|E][n|N][t|T][e|E][s|S]))(^(?!.*[M|m][O|o][N|n][G|g][O|o][D|d][B|b]).*)((.*):([0-9]{2,5})/)"
                    ], 
                    "Extension": ".xml", 
                    "Hardcode": "false", 
                    "Lineas": [
                        {
                            "Linea": 16, 
                            "Texto": "\t\t<url>http://10.133.42.89:5329/asbdanpbe</url> \r\n", 
                            "url": "http://10.133.42.89:5329/asbdanpbe"
                        }
                    ], 
                    "NombreCad": "IP", 
                    "Repeticiones": 1
                }, 
                {
                    "Archivo": "/home/javamantis1/Documentos/Analizar/Axa02Collection/S_100_B-CotizadorPBE/env/local/properties/connectionpool.properties", 
                    "Cadena": [
                        "(.*)[j|J][n|N][d|D][i|I][d|D][a|A][t|T][a|A][s|S][o|O][u|U][r|R][c|C][e|E][n|N][a|A][m|M][e|E]=(.*)"
                    ], 
                    "Extension": ".properties", 
                    "Hardcode": "false", 
                    "Lineas": [
                        {
                            "Linea": 55, 
                            "NombreSource": "=jndi", 
                            "Texto": "\tJNDIDataSourceName=jndi/cotizadorPBE|\\\r\n"
                        }, 
                        {
                            "Linea": 63, 
                            "NombreSource": "=jndi", 
                            "Texto": "\tJNDIDataSourceName=jndi/emiautosPBE|\\\r\n"
                        }
                    ], 
                    "NombreCad": "DataSourceName", 
                    "Repeticiones": 2
                }, 
                {
                    "Archivo": "/home/javamantis1/Documentos/Analizar/Axa02Collection/S_100_B-CotizadorPBE/env/qa/WEB-INF/o4glconfig.xml", 
                    "Cadena": [
                        "(^(?!.*[L|l][O|o][C|c][A|a][L|l][H|h][O|o][S|s][T|t]))(.*)[a|A][p|P][p|P][s|S][e|E][r|R][v|V][e|E][r|R](.*)://(.*):[0-9]{2,5}/(.*)"
                    ], 
                    "Extension": ".xml", 
                    "Hardcode": "false", 
                    "Lineas": [
                        {
                            "Linea": 16, 
                            "Texto": "\t\t<url>AppServer://ux_desa5:5329/asbdanpbe</url>\r\n", 
                            "url": "AppServer://ux_desa5:5329/asbdanpbe"
                        }, 
                        {
                            "Linea": 26, 
                            "Texto": "\t\t<url>AppServer://ux_desa5:5329/asbdanpbe2</url>\r\n", 
                            "url": "AppServer://ux_desa5:5329/asbdanpbe2"
                        }
                    ], 
                    "NombreCad": "Progress", 
                    "Repeticiones": 2
                }, 
                {
                    "Archivo": "/home/javamantis1/Documentos/Analizar/Axa02Collection/S_100_B-CotizadorPBE/env/qa/properties/connectionpool.properties", 
                    "Cadena": [
                        "(.*)[j|J][n|N][d|D][i|I][d|D][a|A][t|T][a|A][s|S][o|O][u|U][r|R][c|C][e|E][n|N][a|A][m|M][e|E]=(.*)"
                    ], 
                    "Extension": ".properties", 
                    "Hardcode": "false", 
                    "Lineas": [
                        {
                            "Linea": 56, 
                            "NombreSource": "=jndi", 
                            "Texto": "\tJNDIDataSourceName=jndi/cotizadorPBE|\\\r\n"
                        }, 
                        {
                            "Linea": 64, 
                            "NombreSource": "=jndi", 
                            "Texto": "\tJNDIDataSourceName=jndi/emiautosPBE|\\\r\n"
                        }
                    ], 
                    "NombreCad": "DataSourceName", 
                    "Repeticiones": 2
                }, 
                {
                    "Archivo": "/home/javamantis1/Documentos/Analizar/Axa02Collection/S_100_B-CotizadorPBE/env/dev/WEB-INF/o4glconfig.xml", 
                    "Cadena": [
                        "(^(?!.*[s|S][e|E][r|R][v|V][i|I][c|C][i|I][o|O][s|S]).*)(^(?!.*[a|A][p|P][p|P][s|S][e|E][r|R][v|V][e|E][r|R]))(^(?!.*[L|l][O|o][C|c][A|a][L|l][H|h][O|o][S|s][T|t]))(^(?!.*[uU][rR][lL]_[pP][rR][o|O][g|G][rR][eE][sS][sS]))(^(?!.*[J|j][d|D][b|B][c|C]))(^(?!.*[a|A][g|G][e|E][n|N][t|T][e|E][s|S]))(^(?!.*[M|m][O|o][N|n][G|g][O|o][D|d][B|b]).*)((.*):([0-9]{2,5})/)"
                    ], 
                    "Extension": ".xml", 
                    "Hardcode": "false", 
                    "Lineas": [
                        {
                            "Linea": 16, 
                            "Texto": "\t\t<url>http://10.133.42.89:5329/asbdanpbe</url>\r\n", 
                            "url": "http://10.133.42.89:5329/asbdanpbe"
                        }
                    ], 
                    "NombreCad": "IP", 
                    "Repeticiones": 1
                }, 
                {
                    "Archivo": "/home/javamantis1/Documentos/Analizar/Axa02Collection/S_100_B-CotizadorPBE/env/dev/properties/connectionpool.properties", 
                    "Cadena": [
                        "(.*)[j|J][n|N][d|D][i|I][d|D][a|A][t|T][a|A][s|S][o|O][u|U][r|R][c|C][e|E][n|N][a|A][m|M][e|E]=(.*)"
                    ], 
                    "Extension": ".properties", 
                    "Hardcode": "false", 
                    "Lineas": [
                        {
                            "Linea": 55, 
                            "NombreSource": "=jndi", 
                            "Texto": "\tJNDIDataSourceName=jndi/cotizadorPBE|\\\r\n"
                        }, 
                        {
                            "Linea": 63, 
                            "NombreSource": "=jndi", 
                            "Texto": "\tJNDIDataSourceName=jndi/emiautosPBE|\\\r\n"
                        }
                    ], 
                    "NombreCad": "DataSourceName", 
                    "Repeticiones": 2
                }, 
                {
                    "Archivo": "/home/javamantis1/Documentos/Analizar/Axa02Collection/S_100_B-CotizadorPBE/env/prod/WEB-INF/o4glconfig.xml", 
                    "Cadena": [
                        "(^(?!.*[L|l][O|o][C|c][A|a][L|l][H|h][O|o][S|s][T|t]))(.*)[a|A][p|P][p|P][s|S][e|E][r|R][v|V][e|E][r|R](.*)://(.*):[0-9]{2,5}/(.*)"
                    ], 
                    "Extension": ".xml", 
                    "Hardcode": "false", 
                    "Lineas": [
                        {
                            "Linea": 16, 
                            "Texto": "\t\t<url>AppServer://ux_danos:5329/asbdanpbe</url>\r\n", 
                            "url": "AppServer://ux_danos:5329/asbdanpbe"
                        }, 
                        {
                            "Linea": 26, 
                            "Texto": "\t\t<url>AppServer://ux_danos:5329/asbdanpbe2</url>\r\n", 
                            "url": "AppServer://ux_danos:5329/asbdanpbe2"
                        }, 
                        {
                            "Linea": 36, 
                            "Texto": "\t\t<url>AppServer://ux_danos:5329/asbdanpbe3</url>\r\n", 
                            "url": "AppServer://ux_danos:5329/asbdanpbe3"
                        }
                    ], 
                    "NombreCad": "Progress", 
                    "Repeticiones": 3
                }, 
                {
                    "Archivo": "/home/javamantis1/Documentos/Analizar/Axa02Collection/S_100_B-CotizadorPBE/env/prod/properties/connectionpool.properties", 
                    "Cadena": [
                        "(.*)[j|J][n|N][d|D][i|I][d|D][a|A][t|T][a|A][s|S][o|O][u|U][r|R][c|C][e|E][n|N][a|A][m|M][e|E]=(.*)"
                    ], 
                    "Extension": ".properties", 
                    "Hardcode": "false", 
                    "Lineas": [
                        {
                            "Linea": 56, 
                            "NombreSource": "=jndi", 
                            "Texto": "\tJNDIDataSourceName=jndi/cotizadorPBE|\\\r\n"
                        }, 
                        {
                            "Linea": 63, 
                            "NombreSource": "=jndi", 
                            "Texto": "\tJNDIDataSourceName=jndi/emiautosPBE|\\\r\n"
                        }
                    ], 
                    "NombreCad": "DataSourceName", 
                    "Repeticiones": 2
                }
            ], 
            "Nombre": "Sin hardcode", 
            "Numero": "1"
        }, 
        {
            "Archivos": [], 
            "Nombre": "HardCode", 
            "Numero": "2"
        }
    ]
}