{
    "Aplicacion": "S_112-mds", 
    "Prioridades": [
        {
            "Archivos": [
                {
                    "Archivo": "/home/javamantis1/Documentos/Analizar/Axa02Collection/S_112-mds/env/local/properties/connectionpool.properties", 
                    "Cadena": [
                        "(.*)[j|J][n|N][d|D][i|I][d|D][a|A][t|T][a|A][s|S][o|O][u|U][r|R][c|C][e|E][n|N][a|A][m|M][e|E]=(.*)"
                    ], 
                    "Extension": ".properties", 
                    "Hardcode": "false", 
                    "Lineas": [
                        {
                            "Linea": 110, 
                            "NombreSource": "=MyOracleDataSource", 
                            "Texto": "#\tJNDIDataSourceName=MyOracleDataSource|\\\r\n"
                        }
                    ], 
                    "NombreCad": "DataSourceName", 
                    "Repeticiones": 1
                }, 
                {
                    "Archivo": "/home/javamantis1/Documentos/Analizar/Axa02Collection/S_112-mds/env/qa/properties/connectionpool.properties", 
                    "Cadena": [
                        "(.*)[j|J][n|N][d|D][i|I][d|D][a|A][t|T][a|A][s|S][o|O][u|U][r|R][c|C][e|E][n|N][a|A][m|M][e|E]=(.*)"
                    ], 
                    "Extension": ".properties", 
                    "Hardcode": "false", 
                    "Lineas": [
                        {
                            "Linea": 109, 
                            "NombreSource": "=MyOracleDataSource", 
                            "Texto": "#\tJNDIDataSourceName=MyOracleDataSource|\\\r\n"
                        }
                    ], 
                    "NombreCad": "DataSourceName", 
                    "Repeticiones": 1
                }, 
                {
                    "Archivo": "/home/javamantis1/Documentos/Analizar/Axa02Collection/S_112-mds/env/dev/properties/connectionpool.properties", 
                    "Cadena": [
                        "(.*)[j|J][n|N][d|D][i|I][d|D][a|A][t|T][a|A][s|S][o|O][u|U][r|R][c|C][e|E][n|N][a|A][m|M][e|E]=(.*)"
                    ], 
                    "Extension": ".properties", 
                    "Hardcode": "false", 
                    "Lineas": [
                        {
                            "Linea": 109, 
                            "NombreSource": "=MyOracleDataSource", 
                            "Texto": "#\tJNDIDataSourceName=MyOracleDataSource|\\\r\n"
                        }
                    ], 
                    "NombreCad": "DataSourceName", 
                    "Repeticiones": 1
                }, 
                {
                    "Archivo": "/home/javamantis1/Documentos/Analizar/Axa02Collection/S_112-mds/env/prod/conf/mds.properties", 
                    "Cadena": [
                        "(^(?!.*[s|S][e|E][r|R][v|V][i|I][c|C][i|I][o|O][s|S]).*)(^(?!.*[a|A][p|P][p|P][s|S][e|E][r|R][v|V][e|E][r|R]))(^(?!.*[L|l][O|o][C|c][A|a][L|l][H|h][O|o][S|s][T|t]))(^(?!.*[uU][rR][lL]_[pP][rR][o|O][g|G][rR][eE][sS][sS]))(^(?!.*[J|j][d|D][b|B][c|C]))(^(?!.*[a|A][g|G][e|E][n|N][t|T][e|E][s|S]))(^(?!.*[M|m][O|o][N|n][G|g][O|o][D|d][B|b]).*)((.*):([0-9]{2,5})/)"
                    ], 
                    "Extension": ".properties", 
                    "Hardcode": "false", 
                    "Lineas": [
                        {
                            "Linea": 8, 
                            "Texto": "#server_url_praxis_MAIL=http://smspraxis-02.net:8080/platform-ingm/MailSenderWS\r\n", 
                            "url": "http://smspraxis-02.net:8080/platform-ingm/MailSenderWS"
                        }, 
                        {
                            "Linea": 12, 
                            "Texto": "#server_url_praxis_BATCH=http://smspraxis-02.net:8080/platform-ingm/MessageQueueWS\r\n", 
                            "url": "http://smspraxis-02.net:8080/platform-ingm/MessageQueueWS"
                        }
                    ], 
                    "NombreCad": "IP", 
                    "Repeticiones": 2
                }, 
                {
                    "Archivo": "/home/javamantis1/Documentos/Analizar/Axa02Collection/S_112-mds/env/prod/properties/connectionpool.properties", 
                    "Cadena": [
                        "(.*)[j|J][n|N][d|D][i|I][d|D][a|A][t|T][a|A][s|S][o|O][u|U][r|R][c|C][e|E][n|N][a|A][m|M][e|E]=(.*)"
                    ], 
                    "Extension": ".properties", 
                    "Hardcode": "false", 
                    "Lineas": [
                        {
                            "Linea": 109, 
                            "NombreSource": "=MyOracleDataSource", 
                            "Texto": "#\tJNDIDataSourceName=MyOracleDataSource|\\\r\n"
                        }
                    ], 
                    "NombreCad": "DataSourceName", 
                    "Repeticiones": 1
                }
            ], 
            "Nombre": "comentarios", 
            "Numero": "3"
        }, 
        {
            "Archivos": [
                {
                    "Archivo": "/home/javamantis1/Documentos/Analizar/Axa02Collection/S_112-mds/env/local/conf/mds.properties", 
                    "Cadena": [
                        "(^(?!.*[s|S][e|E][r|R][v|V][i|I][c|C][i|I][o|O][s|S]).*)(^(?!.*[a|A][p|P][p|P][s|S][e|E][r|R][v|V][e|E][r|R]))(^(?!.*[L|l][O|o][C|c][A|a][L|l][H|h][O|o][S|s][T|t]))(^(?!.*[uU][rR][lL]_[pP][rR][o|O][g|G][rR][eE][sS][sS]))(^(?!.*[J|j][d|D][b|B][c|C]))(^(?!.*[a|A][g|G][e|E][n|N][t|T][e|E][s|S]))(^(?!.*[M|m][O|o][N|n][G|g][O|o][D|d][B|b]).*)((.*):([0-9]{2,5})/)"
                    ], 
                    "Extension": ".properties", 
                    "Hardcode": "false", 
                    "Lineas": [
                        {
                            "Linea": 4, 
                            "Texto": "server_url_praxis_SMS=http://smspraxis.com:8080/platform-ingm/MessageSenderWS\r\n", 
                            "url": "http://smspraxis.com:8080/platform-ingm/MessageSenderWS"
                        }, 
                        {
                            "Linea": 6, 
                            "Texto": "server_url_praxis_MAIL=http://smspraxis.com:8080/platform-ingm/MailSenderWS\r\n", 
                            "url": "http://smspraxis.com:8080/platform-ingm/MailSenderWS"
                        }, 
                        {
                            "Linea": 8, 
                            "Texto": "server_url_praxis_BATCH=http://smspraxis.com:8080/platform-ingm/MessageQueueWS\r\n", 
                            "url": "http://smspraxis.com:8080/platform-ingm/MessageQueueWS"
                        }
                    ], 
                    "NombreCad": "IP", 
                    "Repeticiones": 3
                }, 
                {
                    "Archivo": "/home/javamantis1/Documentos/Analizar/Axa02Collection/S_112-mds/env/local/properties/connectionpool.properties", 
                    "Cadena": [
                        "(.*)[j|J][n|N][d|D][i|I][d|D][a|A][t|T][a|A][s|S][o|O][u|U][r|R][c|C][e|E][n|N][a|A][m|M][e|E]=(.*)"
                    ], 
                    "Extension": ".properties", 
                    "Hardcode": "false", 
                    "Lineas": [
                        {
                            "Linea": 57, 
                            "NombreSource": "=jdbc", 
                            "Texto": "\tJNDIDataSourceName=jdbc/MDS|\\\r\n"
                        }, 
                        {
                            "Linea": 72, 
                            "NombreSource": "=contactINGDS", 
                            "Texto": "\tJNDIDataSourceName=contactINGDS|\\\r\n"
                        }
                    ], 
                    "NombreCad": "DataSourceName", 
                    "Repeticiones": 2
                }, 
                {
                    "Archivo": "/home/javamantis1/Documentos/Analizar/Axa02Collection/S_112-mds/env/local/properties/framework.properties", 
                    "Cadena": [
                        "(^(?!.*[s|S][e|E][r|R][v|V][i|I][c|C][i|I][o|O][s|S]).*)(^(?!.*[a|A][p|P][p|P][s|S][e|E][r|R][v|V][e|E][r|R]))(^(?!.*[L|l][O|o][C|c][A|a][L|l][H|h][O|o][S|s][T|t]))(^(?!.*[uU][rR][lL]_[pP][rR][o|O][g|G][rR][eE][sS][sS]))(^(?!.*[J|j][d|D][b|B][c|C]))(^(?!.*[a|A][g|G][e|E][n|N][t|T][e|E][s|S]))(^(?!.*[M|m][O|o][N|n][G|g][O|o][D|d][B|b]).*)((.*):([0-9]{2,5})/)"
                    ], 
                    "Extension": ".properties", 
                    "Hardcode": "false", 
                    "Lineas": [
                        {
                            "Linea": 226, 
                            "Texto": "SOAPServerURI=http://10.212.213.119:9087/mds/axis/services \r\n", 
                            "url": "http://10.212.213.119:9087/mds/axis/services"
                        }, 
                        {
                            "Linea": 277, 
                            "Texto": "ssoUrl=http://dev-ia3ssoadmin.us.americas.intranet:80/soap/servlet/rpcrouter\r\n", 
                            "url": "http://dev-ia3ssoadmin.us.americas.intranet:80/soap/servlet/rpcrouter"
                        }
                    ], 
                    "NombreCad": "IP", 
                    "Repeticiones": 2
                }, 
                {
                    "Archivo": "/home/javamantis1/Documentos/Analizar/Axa02Collection/S_112-mds/env/qa/conf/mds.properties", 
                    "Cadena": [
                        "(^(?!.*[s|S][e|E][r|R][v|V][i|I][c|C][i|I][o|O][s|S]).*)(^(?!.*[a|A][p|P][p|P][s|S][e|E][r|R][v|V][e|E][r|R]))(^(?!.*[L|l][O|o][C|c][A|a][L|l][H|h][O|o][S|s][T|t]))(^(?!.*[uU][rR][lL]_[pP][rR][o|O][g|G][rR][eE][sS][sS]))(^(?!.*[J|j][d|D][b|B][c|C]))(^(?!.*[a|A][g|G][e|E][n|N][t|T][e|E][s|S]))(^(?!.*[M|m][O|o][N|n][G|g][O|o][D|d][B|b]).*)((.*):([0-9]{2,5})/)"
                    ], 
                    "Extension": ".properties", 
                    "Hardcode": "false", 
                    "Lineas": [
                        {
                            "Linea": 4, 
                            "Texto": "server_url_praxis_SMS=https://smspraxis-02.net:443/platform-ingm/MessageSenderWS\r\n", 
                            "url": "https://smspraxis-02.net:443/platform-ingm/MessageSenderWS"
                        }, 
                        {
                            "Linea": 6, 
                            "Texto": "server_url_praxis_MAIL=http://smspraxis-02.net:8080/platform-ingm/MailSenderWS\r\n", 
                            "url": "http://smspraxis-02.net:8080/platform-ingm/MailSenderWS"
                        }, 
                        {
                            "Linea": 8, 
                            "Texto": "server_url_praxis_BATCH=http://smspraxis-02.net:8080/platform-ingm/MessageQueueWS\r\n", 
                            "url": "http://smspraxis-02.net:8080/platform-ingm/MessageQueueWS"
                        }
                    ], 
                    "NombreCad": "IP", 
                    "Repeticiones": 3
                }, 
                {
                    "Archivo": "/home/javamantis1/Documentos/Analizar/Axa02Collection/S_112-mds/env/qa/properties/connectionpool.properties", 
                    "Cadena": [
                        "(.*)[j|J][n|N][d|D][i|I][d|D][a|A][t|T][a|A][s|S][o|O][u|U][r|R][c|C][e|E][n|N][a|A][m|M][e|E]=(.*)"
                    ], 
                    "Extension": ".properties", 
                    "Hardcode": "false", 
                    "Lineas": [
                        {
                            "Linea": 57, 
                            "NombreSource": "=jdbc", 
                            "Texto": "\tJNDIDataSourceName=jdbc/MDS|\\\r\n"
                        }, 
                        {
                            "Linea": 71, 
                            "NombreSource": "=contactINGDS", 
                            "Texto": "\tJNDIDataSourceName=contactINGDS|\\\r\n"
                        }
                    ], 
                    "NombreCad": "DataSourceName", 
                    "Repeticiones": 2
                }, 
                {
                    "Archivo": "/home/javamantis1/Documentos/Analizar/Axa02Collection/S_112-mds/env/qa/properties/framework.properties", 
                    "Cadena": [
                        "(^(?!.*[s|S][e|E][r|R][v|V][i|I][c|C][i|I][o|O][s|S]).*)(^(?!.*[a|A][p|P][p|P][s|S][e|E][r|R][v|V][e|E][r|R]))(^(?!.*[L|l][O|o][C|c][A|a][L|l][H|h][O|o][S|s][T|t]))(^(?!.*[uU][rR][lL]_[pP][rR][o|O][g|G][rR][eE][sS][sS]))(^(?!.*[J|j][d|D][b|B][c|C]))(^(?!.*[a|A][g|G][e|E][n|N][t|T][e|E][s|S]))(^(?!.*[M|m][O|o][N|n][G|g][O|o][D|d][B|b]).*)((.*):([0-9]{2,5})/)"
                    ], 
                    "Extension": ".properties", 
                    "Hardcode": "false", 
                    "Lineas": [
                        {
                            "Linea": 226, 
                            "Texto": "SOAPServerURI=http://10.212.213.119:9087/mds/axis/services \r\n", 
                            "url": "http://10.212.213.119:9087/mds/axis/services"
                        }, 
                        {
                            "Linea": 277, 
                            "Texto": "ssoUrl=http://dev-ia3ssoadmin.us.americas.intranet:80/soap/servlet/rpcrouter\r\n", 
                            "url": "http://dev-ia3ssoadmin.us.americas.intranet:80/soap/servlet/rpcrouter"
                        }
                    ], 
                    "NombreCad": "IP", 
                    "Repeticiones": 2
                }, 
                {
                    "Archivo": "/home/javamantis1/Documentos/Analizar/Axa02Collection/S_112-mds/env/dev/conf/mds.properties", 
                    "Cadena": [
                        "(^(?!.*[s|S][e|E][r|R][v|V][i|I][c|C][i|I][o|O][s|S]).*)(^(?!.*[a|A][p|P][p|P][s|S][e|E][r|R][v|V][e|E][r|R]))(^(?!.*[L|l][O|o][C|c][A|a][L|l][H|h][O|o][S|s][T|t]))(^(?!.*[uU][rR][lL]_[pP][rR][o|O][g|G][rR][eE][sS][sS]))(^(?!.*[J|j][d|D][b|B][c|C]))(^(?!.*[a|A][g|G][e|E][n|N][t|T][e|E][s|S]))(^(?!.*[M|m][O|o][N|n][G|g][O|o][D|d][B|b]).*)((.*):([0-9]{2,5})/)"
                    ], 
                    "Extension": ".properties", 
                    "Hardcode": "false", 
                    "Lineas": [
                        {
                            "Linea": 4, 
                            "Texto": "server_url_praxis_SMS=http://smspraxis.com:8080/platform-ingm/MessageSenderWS\r\n", 
                            "url": "http://smspraxis.com:8080/platform-ingm/MessageSenderWS"
                        }, 
                        {
                            "Linea": 6, 
                            "Texto": "server_url_praxis_MAIL=http://smspraxis.com:8080/platform-ingm/MailSenderWS\r\n", 
                            "url": "http://smspraxis.com:8080/platform-ingm/MailSenderWS"
                        }, 
                        {
                            "Linea": 8, 
                            "Texto": "server_url_praxis_BATCH=http://smspraxis.com:8080/platform-ingm/MessageQueueWS\r\n", 
                            "url": "http://smspraxis.com:8080/platform-ingm/MessageQueueWS"
                        }
                    ], 
                    "NombreCad": "IP", 
                    "Repeticiones": 3
                }, 
                {
                    "Archivo": "/home/javamantis1/Documentos/Analizar/Axa02Collection/S_112-mds/env/dev/properties/connectionpool.properties", 
                    "Cadena": [
                        "(.*)[j|J][n|N][d|D][i|I][d|D][a|A][t|T][a|A][s|S][o|O][u|U][r|R][c|C][e|E][n|N][a|A][m|M][e|E]=(.*)"
                    ], 
                    "Extension": ".properties", 
                    "Hardcode": "false", 
                    "Lineas": [
                        {
                            "Linea": 57, 
                            "NombreSource": "=jdbc", 
                            "Texto": "\tJNDIDataSourceName=jdbc/MDS|\\\r\n"
                        }, 
                        {
                            "Linea": 71, 
                            "NombreSource": "=contactINGDS", 
                            "Texto": "\tJNDIDataSourceName=contactINGDS|\\\r\n"
                        }
                    ], 
                    "NombreCad": "DataSourceName", 
                    "Repeticiones": 2
                }, 
                {
                    "Archivo": "/home/javamantis1/Documentos/Analizar/Axa02Collection/S_112-mds/env/dev/properties/framework.properties", 
                    "Cadena": [
                        "(^(?!.*[s|S][e|E][r|R][v|V][i|I][c|C][i|I][o|O][s|S]).*)(^(?!.*[a|A][p|P][p|P][s|S][e|E][r|R][v|V][e|E][r|R]))(^(?!.*[L|l][O|o][C|c][A|a][L|l][H|h][O|o][S|s][T|t]))(^(?!.*[uU][rR][lL]_[pP][rR][o|O][g|G][rR][eE][sS][sS]))(^(?!.*[J|j][d|D][b|B][c|C]))(^(?!.*[a|A][g|G][e|E][n|N][t|T][e|E][s|S]))(^(?!.*[M|m][O|o][N|n][G|g][O|o][D|d][B|b]).*)((.*):([0-9]{2,5})/)"
                    ], 
                    "Extension": ".properties", 
                    "Hardcode": "false", 
                    "Lineas": [
                        {
                            "Linea": 226, 
                            "Texto": "SOAPServerURI=http://10.212.213.119:9087/mds/axis/services\r\n", 
                            "url": "http://10.212.213.119:9087/mds/axis/services"
                        }, 
                        {
                            "Linea": 277, 
                            "Texto": "ssoUrl=http://dev-ia3ssoadmin.us.americas.intranet:80/soap/servlet/rpcrouter\r\n", 
                            "url": "http://dev-ia3ssoadmin.us.americas.intranet:80/soap/servlet/rpcrouter"
                        }
                    ], 
                    "NombreCad": "IP", 
                    "Repeticiones": 2
                }, 
                {
                    "Archivo": "/home/javamantis1/Documentos/Analizar/Axa02Collection/S_112-mds/env/prod/conf/mds.properties", 
                    "Cadena": [
                        "(^(?!.*[s|S][e|E][r|R][v|V][i|I][c|C][i|I][o|O][s|S]).*)(^(?!.*[a|A][p|P][p|P][s|S][e|E][r|R][v|V][e|E][r|R]))(^(?!.*[L|l][O|o][C|c][A|a][L|l][H|h][O|o][S|s][T|t]))(^(?!.*[uU][rR][lL]_[pP][rR][o|O][g|G][rR][eE][sS][sS]))(^(?!.*[J|j][d|D][b|B][c|C]))(^(?!.*[a|A][g|G][e|E][n|N][t|T][e|E][s|S]))(^(?!.*[M|m][O|o][N|n][G|g][O|o][D|d][B|b]).*)((.*):([0-9]{2,5})/)"
                    ], 
                    "Extension": ".properties", 
                    "Hardcode": "false", 
                    "Lineas": [
                        {
                            "Linea": 4, 
                            "Texto": "server_url_praxis_SMS=https://smspraxis-02.net:443/platform-ingm/MessageSenderWS\r\n", 
                            "url": "https://smspraxis-02.net:443/platform-ingm/MessageSenderWS"
                        }, 
                        {
                            "Linea": 7, 
                            "Texto": "server_url_praxis_MAIL=https://smspraxis-02.net:443/platform-ingm/MailSenderWS\r\n", 
                            "url": "https://smspraxis-02.net:443/platform-ingm/MailSenderWS"
                        }, 
                        {
                            "Linea": 11, 
                            "Texto": "server_url_praxis_BATCH=https://smspraxis-02.net:443/platform-ingm/MessageQueueWS\r\n", 
                            "url": "https://smspraxis-02.net:443/platform-ingm/MessageQueueWS"
                        }
                    ], 
                    "NombreCad": "IP", 
                    "Repeticiones": 3
                }, 
                {
                    "Archivo": "/home/javamantis1/Documentos/Analizar/Axa02Collection/S_112-mds/env/prod/properties/connectionpool.properties", 
                    "Cadena": [
                        "(.*)[j|J][n|N][d|D][i|I][d|D][a|A][t|T][a|A][s|S][o|O][u|U][r|R][c|C][e|E][n|N][a|A][m|M][e|E]=(.*)"
                    ], 
                    "Extension": ".properties", 
                    "Hardcode": "false", 
                    "Lineas": [
                        {
                            "Linea": 57, 
                            "NombreSource": "=jdbc", 
                            "Texto": "\tJNDIDataSourceName=jdbc/MDS|\\\r\n"
                        }, 
                        {
                            "Linea": 71, 
                            "NombreSource": "=contactINGDS", 
                            "Texto": "\tJNDIDataSourceName=contactINGDS|\\\r\n"
                        }
                    ], 
                    "NombreCad": "DataSourceName", 
                    "Repeticiones": 2
                }, 
                {
                    "Archivo": "/home/javamantis1/Documentos/Analizar/Axa02Collection/S_112-mds/env/prod/properties/framework.properties", 
                    "Cadena": [
                        "(^(?!.*[s|S][e|E][r|R][v|V][i|I][c|C][i|I][o|O][s|S]).*)(^(?!.*[a|A][p|P][p|P][s|S][e|E][r|R][v|V][e|E][r|R]))(^(?!.*[L|l][O|o][C|c][A|a][L|l][H|h][O|o][S|s][T|t]))(^(?!.*[uU][rR][lL]_[pP][rR][o|O][g|G][rR][eE][sS][sS]))(^(?!.*[J|j][d|D][b|B][c|C]))(^(?!.*[a|A][g|G][e|E][n|N][t|T][e|E][s|S]))(^(?!.*[M|m][O|o][N|n][G|g][O|o][D|d][B|b]).*)((.*):([0-9]{2,5})/)"
                    ], 
                    "Extension": ".properties", 
                    "Hardcode": "false", 
                    "Lineas": [
                        {
                            "Linea": 226, 
                            "Texto": "SOAPServerURI=http://10.212.213.119:9087/mds/axis/services \r\n", 
                            "url": "http://10.212.213.119:9087/mds/axis/services"
                        }, 
                        {
                            "Linea": 277, 
                            "Texto": "ssoUrl=http://dev-ia3ssoadmin.us.americas.intranet:80/soap/servlet/rpcrouter\r\n", 
                            "url": "http://dev-ia3ssoadmin.us.americas.intranet:80/soap/servlet/rpcrouter"
                        }
                    ], 
                    "NombreCad": "IP", 
                    "Repeticiones": 2
                }
            ], 
            "Nombre": "Sin hardcode", 
            "Numero": "1"
        }, 
        {
            "Archivos": [], 
            "Nombre": "HardCode", 
            "Numero": "2"
        }
    ]
}