{
    "Aplicacion": "S_122BolsasCupos", 
    "Prioridades": [
        {
            "Archivos": [
                {
                    "Archivo": "/home/javamantis1/Documentos/Analizar/Axa02Collection/S_122BolsasCupos/env/local/properties/application.properties", 
                    "Cadena": [
                        "(^(?!.*[L|l][O|o][C|c][A|a][L|l][H|h][O|o][S|s][T|t]))(.*)[s|S][e|E][r|R][v|V][i|I][c|C][i|I][o|O][s|S][w|W][e|E][b|B](.*)"
                    ], 
                    "Extension": ".properties", 
                    "Hardcode": "false", 
                    "Lineas": [
                        {
                            "Linea": 16, 
                            "Texto": "##mx.com.axa.byc.ws.client.callidus=https://servicioswebqa.axa.com.mx:9044/AXAservicios/ConsultaAgentes/services/ConsultaDetallesAgente\r\n", 
                            "url": "https://servicioswebqa.axa.com.mx:9044/AXAservicios/ConsultaAgentes/services/ConsultaDetallesAgente"
                        }
                    ], 
                    "NombreCad": "Datapower", 
                    "Repeticiones": 1
                }, 
                {
                    "Archivo": "/home/javamantis1/Documentos/Analizar/Axa02Collection/S_122BolsasCupos/env/local/properties/application.properties", 
                    "Cadena": [
                        "(^(?!.*[L|l][O|o][C|c][A|a][L|l][H|h][O|o][S|s][T|t]))(.*)://[a|A][g|G][e|E][n|N][t|T][e|E][s|S](.*)"
                    ], 
                    "Extension": ".properties", 
                    "Hardcode": "false", 
                    "Lineas": [
                        {
                            "Linea": 17, 
                            "Texto": "##mx.com.axa.byc.ws.client.callidusQA=https://agentesqa.axa.com.mx/ConsultaAgentes/services/ConsultaDetallesAgente\r\n", 
                            "url": "https://agentesqa.axa.com.mx/ConsultaAgentes/services/ConsultaDetallesAgente"
                        }
                    ], 
                    "NombreCad": "Apache", 
                    "Repeticiones": 1
                }, 
                {
                    "Archivo": "/home/javamantis1/Documentos/Analizar/Axa02Collection/S_122BolsasCupos/env/local/properties/application.properties", 
                    "Cadena": [
                        "(^(?!.*[s|S][e|E][r|R][v|V][i|I][c|C][i|I][o|O][s|S]).*)(^(?!.*[a|A][p|P][p|P][s|S][e|E][r|R][v|V][e|E][r|R]))(^(?!.*[L|l][O|o][C|c][A|a][L|l][H|h][O|o][S|s][T|t]))(^(?!.*[uU][rR][lL]_[pP][rR][o|O][g|G][rR][eE][sS][sS]))(^(?!.*[J|j][d|D][b|B][c|C]))(^(?!.*[a|A][g|G][e|E][n|N][t|T][e|E][s|S]))(^(?!.*[M|m][O|o][N|n][G|g][O|o][D|d][B|b]).*)((.*):([0-9]{2,5})/)"
                    ], 
                    "Extension": ".properties", 
                    "Hardcode": "false", 
                    "Lineas": [
                        {
                            "Linea": 42, 
                            "Texto": "##mx.com.axa.byc.ws.client.consultaterritorial=http://mxdata22001.asefi.mex:9081/albpmServices/Engine_axa/ws/ConsultaTerritorialServiceListener\r\n", 
                            "url": "http://mxdata22001.asefi.mex:9081/albpmServices/Engine_axa/ws/ConsultaTerritorialServiceListener"
                        }
                    ], 
                    "NombreCad": "IP", 
                    "Repeticiones": 1
                }, 
                {
                    "Archivo": "/home/javamantis1/Documentos/Analizar/Axa02Collection/S_122BolsasCupos/env/qa/properties/application.properties", 
                    "Cadena": [
                        "(^(?!.*[s|S][e|E][r|R][v|V][i|I][c|C][i|I][o|O][s|S]).*)(^(?!.*[a|A][p|P][p|P][s|S][e|E][r|R][v|V][e|E][r|R]))(^(?!.*[L|l][O|o][C|c][A|a][L|l][H|h][O|o][S|s][T|t]))(^(?!.*[uU][rR][lL]_[pP][rR][o|O][g|G][rR][eE][sS][sS]))(^(?!.*[J|j][d|D][b|B][c|C]))(^(?!.*[a|A][g|G][e|E][n|N][t|T][e|E][s|S]))(^(?!.*[M|m][O|o][N|n][G|g][O|o][D|d][B|b]).*)((.*):([0-9]{2,5})/)"
                    ], 
                    "Extension": ".properties", 
                    "Hardcode": "false", 
                    "Lineas": [
                        {
                            "Linea": 40, 
                            "Texto": "##QA mx.com.axa.byc.ws.client.consultaterritorial=http://LU2APP17.asefitest.mex:9081/albpmServices/ENGINE_AX/ws/ConsultaTerritorialServiceListener\r\n", 
                            "url": "http://LU2APP17.asefitest.mex:9081/albpmServices/ENGINE_AX/ws/ConsultaTerritorialServiceListener"
                        }
                    ], 
                    "NombreCad": "IP", 
                    "Repeticiones": 1
                }, 
                {
                    "Archivo": "/home/javamantis1/Documentos/Analizar/Axa02Collection/S_122BolsasCupos/env/dev/properties/application.properties", 
                    "Cadena": [
                        "(^(?!.*[s|S][e|E][r|R][v|V][i|I][c|C][i|I][o|O][s|S]).*)(^(?!.*[a|A][p|P][p|P][s|S][e|E][r|R][v|V][e|E][r|R]))(^(?!.*[L|l][O|o][C|c][A|a][L|l][H|h][O|o][S|s][T|t]))(^(?!.*[uU][rR][lL]_[pP][rR][o|O][g|G][rR][eE][sS][sS]))(^(?!.*[J|j][d|D][b|B][c|C]))(^(?!.*[a|A][g|G][e|E][n|N][t|T][e|E][s|S]))(^(?!.*[M|m][O|o][N|n][G|g][O|o][D|d][B|b]).*)((.*):([0-9]{2,5})/)"
                    ], 
                    "Extension": ".properties", 
                    "Hardcode": "false", 
                    "Lineas": [
                        {
                            "Linea": 40, 
                            "Texto": "#mx.com.axa.byc.ws.client.consultaterritorial=http://10.133.228.14:9080/albpmServices/Engine_axa/ws/ConsultaTerritorialServiceListener\r\n", 
                            "url": "http://10.133.228.14:9080/albpmServices/Engine_axa/ws/ConsultaTerritorialServiceListener"
                        }
                    ], 
                    "NombreCad": "IP", 
                    "Repeticiones": 1
                }, 
                {
                    "Archivo": "/home/javamantis1/Documentos/Analizar/Axa02Collection/S_122BolsasCupos/src/mx/com/axa/byc/ws/client/consultaterritorial/stub/ConsultaTerritorialServiceStub.java", 
                    "Cadena": [
                        "(^(?!.*[s|S][e|E][r|R][v|V][i|I][c|C][i|I][o|O][s|S]).*)(^(?!.*[a|A][p|P][p|P][s|S][e|E][r|R][v|V][e|E][r|R]))(^(?!.*[L|l][O|o][C|c][A|a][L|l][H|h][O|o][S|s][T|t]))(^(?!.*[uU][rR][lL]_[pP][rR][o|O][g|G][rR][eE][sS][sS]))(^(?!.*[J|j][d|D][b|B][c|C]))(^(?!.*[a|A][g|G][e|E][n|N][t|T][e|E][s|S]))(^(?!.*[M|m][O|o][N|n][G|g][O|o][D|d][B|b]).*)((.*):([0-9]{2,5})/)"
                    ], 
                    "Extension": ".java", 
                    "Hardcode": "true", 
                    "Lineas": [
                        {
                            "Linea": 1317, 
                            "Texto": "     //http://10.77.5.36:7902/albpmServices/Engine_axa/ws/ConsultaTerritorialServiceListener\r\n", 
                            "url": "http://10.77.5.36:7902/albpmServices/Engine_axa/ws/ConsultaTerritorialServiceListener"
                        }
                    ], 
                    "NombreCad": "IP", 
                    "Repeticiones": 1
                }
            ], 
            "Nombre": "comentarios", 
            "Numero": "3"
        }, 
        {
            "Archivos": [
                {
                    "Archivo": "/home/javamantis1/Documentos/Analizar/Axa02Collection/S_122BolsasCupos/env/local/properties/application.properties", 
                    "Cadena": [
                        "(^(?!.*[L|l][O|o][C|c][A|a][L|l][H|h][O|o][S|s][T|t]))(.*)[s|S][e|E][r|R][v|V][i|I][c|C][i|I][o|O][s|S][w|W][e|E][b|B](.*)"
                    ], 
                    "Extension": ".properties", 
                    "Hardcode": "false", 
                    "Lineas": [
                        {
                            "Linea": 15, 
                            "Texto": "mx.com.axa.byc.ws.client.callidus=http://servicioswebdev.axa.com.mx:9152/ConsultaAgentes/services/ConsultaDetallesAgente\r\n", 
                            "url": "http://servicioswebdev.axa.com.mx:9152/ConsultaAgentes/services/ConsultaDetallesAgente"
                        }, 
                        {
                            "Linea": 41, 
                            "Texto": "mx.com.axa.byc.ws.client.consultaterritorial=http://servicioswebdev.axa.com.mx:7902/albpmServices/Engine_axa/ws/ConsultaTerritorialServiceListener\r\n", 
                            "url": "http://servicioswebdev.axa.com.mx:7902/albpmServices/Engine_axa/ws/ConsultaTerritorialServiceListener"
                        }
                    ], 
                    "NombreCad": "Datapower", 
                    "Repeticiones": 2
                }, 
                {
                    "Archivo": "/home/javamantis1/Documentos/Analizar/Axa02Collection/S_122BolsasCupos/env/qa/properties/application.properties", 
                    "Cadena": [
                        "(^(?!.*[L|l][O|o][C|c][A|a][L|l][H|h][O|o][S|s][T|t]))(.*)[s|S][e|E][r|R][v|V][i|I][c|C][i|I][o|O][s|S][w|W][e|E][b|B](.*)"
                    ], 
                    "Extension": ".properties", 
                    "Hardcode": "false", 
                    "Lineas": [
                        {
                            "Linea": 18, 
                            "Texto": "mx.com.axa.byc.ws.client.callidus=http://servicioswebqa.axa.com.mx:9152/ConsultaAgentes/services/ConsultaDetallesAgente\r\n", 
                            "url": "http://servicioswebqa.axa.com.mx:9152/ConsultaAgentes/services/ConsultaDetallesAgente"
                        }, 
                        {
                            "Linea": 39, 
                            "Texto": "mx.com.axa.byc.ws.client.consultaterritorial=http://servicioswebqa.axa.com.mx:7902/albpmServices/Engine_axa/ws/ConsultaTerritorialServiceListener\r\n", 
                            "url": "http://servicioswebqa.axa.com.mx:7902/albpmServices/Engine_axa/ws/ConsultaTerritorialServiceListener"
                        }
                    ], 
                    "NombreCad": "Datapower", 
                    "Repeticiones": 2
                }, 
                {
                    "Archivo": "/home/javamantis1/Documentos/Analizar/Axa02Collection/S_122BolsasCupos/env/dev/properties/application.properties", 
                    "Cadena": [
                        "(^(?!.*[L|l][O|o][C|c][A|a][L|l][H|h][O|o][S|s][T|t]))(.*)[s|S][e|E][r|R][v|V][i|I][c|C][i|I][o|O][s|S][w|W][e|E][b|B](.*)"
                    ], 
                    "Extension": ".properties", 
                    "Hardcode": "false", 
                    "Lineas": [
                        {
                            "Linea": 18, 
                            "Texto": "mx.com.axa.byc.ws.client.callidus=http://servicioswebdev.axa.com.mx:9152/ConsultaAgentes/services/ConsultaDetallesAgente\r\n", 
                            "url": "http://servicioswebdev.axa.com.mx:9152/ConsultaAgentes/services/ConsultaDetallesAgente"
                        }, 
                        {
                            "Linea": 41, 
                            "Texto": "mx.com.axa.byc.ws.client.consultaterritorial=http://servicioswebdev.axa.com.mx:7902/albpmServices/Engine_axa/ws/ConsultaTerritorialServiceListener\r\n", 
                            "url": "http://servicioswebdev.axa.com.mx:7902/albpmServices/Engine_axa/ws/ConsultaTerritorialServiceListener"
                        }
                    ], 
                    "NombreCad": "Datapower", 
                    "Repeticiones": 2
                }, 
                {
                    "Archivo": "/home/javamantis1/Documentos/Analizar/Axa02Collection/S_122BolsasCupos/env/prod/properties/application.properties", 
                    "Cadena": [
                        "(^(?!.*[L|l][O|o][C|c][A|a][L|l][H|h][O|o][S|s][T|t]))(.*)[s|S][e|E][r|R][v|V][i|I][c|C][i|I][o|O][s|S][w|W][e|E][b|B](.*)"
                    ], 
                    "Extension": ".properties", 
                    "Hardcode": "false", 
                    "Lineas": [
                        {
                            "Linea": 18, 
                            "Texto": "mx.com.axa.byc.ws.client.callidus=http://serviciosweb.axa.com.mx:9152/ConsultaAgentes/services/ConsultaDetallesAgente\r\n", 
                            "url": "http://serviciosweb.axa.com.mx:9152/ConsultaAgentes/services/ConsultaDetallesAgente"
                        }, 
                        {
                            "Linea": 39, 
                            "Texto": "mx.com.axa.byc.ws.client.consultaterritorial=http://serviciosweb.axa.com.mx:7902/albpmServices/Engine_axa/ws/ConsultaTerritorialServiceListener\r\n", 
                            "url": "http://serviciosweb.axa.com.mx:7902/albpmServices/Engine_axa/ws/ConsultaTerritorialServiceListener"
                        }
                    ], 
                    "NombreCad": "Datapower", 
                    "Repeticiones": 2
                }
            ], 
            "Nombre": "Sin hardcode", 
            "Numero": "1"
        }, 
        {
            "Archivos": [
                {
                    "Archivo": "/home/javamantis1/Documentos/Analizar/Axa02Collection/S_122BolsasCupos/src/mx/com/axa/byc/ws/client/consultaterritorial/stub/ConsultaTerritorialServiceStub.java", 
                    "Cadena": [
                        "(^(?!.*[s|S][e|E][r|R][v|V][i|I][c|C][i|I][o|O][s|S]).*)(^(?!.*[a|A][p|P][p|P][s|S][e|E][r|R][v|V][e|E][r|R]))(^(?!.*[L|l][O|o][C|c][A|a][L|l][H|h][O|o][S|s][T|t]))(^(?!.*[uU][rR][lL]_[pP][rR][o|O][g|G][rR][eE][sS][sS]))(^(?!.*[J|j][d|D][b|B][c|C]))(^(?!.*[a|A][g|G][e|E][n|N][t|T][e|E][s|S]))(^(?!.*[M|m][O|o][N|n][G|g][O|o][D|d][B|b]).*)((.*):([0-9]{2,5})/)"
                    ], 
                    "Extension": ".java", 
                    "Hardcode": "true", 
                    "Lineas": [
                        {
                            "Linea": 154, 
                            "Texto": "                    this(configurationContext,\"http://10.77.5.36:7902/albpmServices/Engine_axa/ws/ConsultaTerritorialServiceListener\" );\r\n", 
                            "url": "http://10.77.5.36:7902/albpmServices/Engine_axa/ws/ConsultaTerritorialServiceListener"
                        }, 
                        {
                            "Linea": 163, 
                            "Texto": "                    this(\"http://10.77.5.36:7902/albpmServices/Engine_axa/ws/ConsultaTerritorialServiceListener\" );\r\n", 
                            "url": "http://10.77.5.36:7902/albpmServices/Engine_axa/ws/ConsultaTerritorialServiceListener"
                        }
                    ], 
                    "NombreCad": "IP", 
                    "Repeticiones": 2
                }
            ], 
            "Nombre": "HardCode", 
            "Numero": "2"
        }
    ]
}