{
    "Aplicacion": "S_122-FicheroVehiculos", 
    "Prioridades": [
        {
            "Archivos": [
                {
                    "Archivo": "/home/javamantis1/Documentos/Analizar/Axa02Collection/S_122-FicheroVehiculos/src/mx/com/axa/ficheros/webservices/VehicleUploadWSServiceStub.java", 
                    "Cadena": [
                        "(^(?!.*[s|S][e|E][r|R][v|V][i|I][c|C][i|I][o|O][s|S]).*)(^(?!.*[a|A][p|P][p|P][s|S][e|E][r|R][v|V][e|E][r|R]))(^(?!.*[L|l][O|o][C|c][A|a][L|l][H|h][O|o][S|s][T|t]))(^(?!.*[uU][rR][lL]_[pP][rR][o|O][g|G][rR][eE][sS][sS]))(^(?!.*[J|j][d|D][b|B][c|C]))(^(?!.*[a|A][g|G][e|E][n|N][t|T][e|E][s|S]))(^(?!.*[M|m][O|o][N|n][G|g][O|o][D|d][B|b]).*)((.*):([0-9]{2,5})/)"
                    ], 
                    "Extension": ".java", 
                    "Hardcode": "true", 
                    "Lineas": [
                        {
                            "Linea": 429, 
                            "Texto": "     //http://10.77.66.105:7080/BancsAPIWebservices/VehicleUploadWS\r\n", 
                            "url": "http://10.77.66.105:7080/BancsAPIWebservices/VehicleUploadWS"
                        }
                    ], 
                    "NombreCad": "IP", 
                    "Repeticiones": 1
                }
            ], 
            "Nombre": "comentarios", 
            "Numero": "3"
        }, 
        {
            "Archivos": [
                {
                    "Archivo": "/home/javamantis1/Documentos/Analizar/Axa02Collection/S_122-FicheroVehiculos/env/local/properties/application.properties", 
                    "Cadena": [
                        "(^(?!.*[L|l][O|o][C|c][A|a][L|l][H|h][O|o][S|s][T|t]))(.*)[s|S][e|E][r|R][v|V][i|I][c|C][i|I][o|O][s|S][w|W][e|E][b|B](.*)"
                    ], 
                    "Extension": ".properties", 
                    "Hardcode": "false", 
                    "Lineas": [
                        {
                            "Linea": 14, 
                            "Texto": "mx.com.axa.ficheros.derivacion.bancs.urlbase=http://servicioswebdev.axa.com.mx:7080/BancsAPIWebservices/VehicleUploadWS\r\n", 
                            "url": "http://servicioswebdev.axa.com.mx:7080/BancsAPIWebservices/VehicleUploadWS"
                        }
                    ], 
                    "NombreCad": "Datapower", 
                    "Repeticiones": 1
                }, 
                {
                    "Archivo": "/home/javamantis1/Documentos/Analizar/Axa02Collection/S_122-FicheroVehiculos/env/local/properties/application.properties", 
                    "Cadena": [
                        "(^(?!.*[s|S][e|E][r|R][v|V][i|I][c|C][i|I][o|O][s|S]).*)(^(?!.*[a|A][p|P][p|P][s|S][e|E][r|R][v|V][e|E][r|R]))(^(?!.*[L|l][O|o][C|c][A|a][L|l][H|h][O|o][S|s][T|t]))(^(?!.*[uU][rR][lL]_[pP][rR][o|O][g|G][rR][eE][sS][sS]))(^(?!.*[J|j][d|D][b|B][c|C]))(^(?!.*[a|A][g|G][e|E][n|N][t|T][e|E][s|S]))(^(?!.*[M|m][O|o][N|n][G|g][O|o][D|d][B|b]).*)((.*):([0-9]{2,5})/)"
                    ], 
                    "Extension": ".properties", 
                    "Hardcode": "false", 
                    "Lineas": [
                        {
                            "Linea": 12, 
                            "Texto": "mx.com.axa.ficheros.filetx.derivacion.urlbase = sftp://10.133.32.158:22/bancs/vehiculos/output/\r\n", 
                            "url": "sftp://10.133.32.158:22/bancs/vehiculos/output/"
                        }, 
                        {
                            "Linea": 19, 
                            "Texto": "mx.com.axa.ficheros.derivacion.bancs.urlbase=http://10.77.66.42:21002/BancsAPIWebservices/VehicleUploadWS\r\n", 
                            "url": "http://10.77.66.42:21002/BancsAPIWebservices/VehicleUploadWS"
                        }
                    ], 
                    "NombreCad": "IP", 
                    "Repeticiones": 2
                }, 
                {
                    "Archivo": "/home/javamantis1/Documentos/Analizar/Axa02Collection/S_122-FicheroVehiculos/env/qa/properties/application.properties", 
                    "Cadena": [
                        "(^(?!.*[L|l][O|o][C|c][A|a][L|l][H|h][O|o][S|s][T|t]))(.*)[s|S][e|E][r|R][v|V][i|I][c|C][i|I][o|O][s|S][w|W][e|E][b|B](.*)"
                    ], 
                    "Extension": ".properties", 
                    "Hardcode": "false", 
                    "Lineas": [
                        {
                            "Linea": 15, 
                            "Texto": "mx.com.axa.ficheros.derivacion.bancs.urlbase=http://servicioswebqa.axa.com.mx:7850/BancsAPIWebservices/VehicleUploadWS\r\n", 
                            "url": "http://servicioswebqa.axa.com.mx:7850/BancsAPIWebservices/VehicleUploadWS"
                        }
                    ], 
                    "NombreCad": "Datapower", 
                    "Repeticiones": 1
                }, 
                {
                    "Archivo": "/home/javamantis1/Documentos/Analizar/Axa02Collection/S_122-FicheroVehiculos/env/dev/properties/application.properties", 
                    "Cadena": [
                        "(^(?!.*[L|l][O|o][C|c][A|a][L|l][H|h][O|o][S|s][T|t]))(.*)[s|S][e|E][r|R][v|V][i|I][c|C][i|I][o|O][s|S][w|W][e|E][b|B](.*)"
                    ], 
                    "Extension": ".properties", 
                    "Hardcode": "false", 
                    "Lineas": [
                        {
                            "Linea": 15, 
                            "Texto": "mx.com.axa.ficheros.derivacion.bancs.urlbase=http://servicioswebdev.axa.com.mx:7080/BancsAPIWebservices/VehicleUploadWS\r\n", 
                            "url": "http://servicioswebdev.axa.com.mx:7080/BancsAPIWebservices/VehicleUploadWS"
                        }
                    ], 
                    "NombreCad": "Datapower", 
                    "Repeticiones": 1
                }, 
                {
                    "Archivo": "/home/javamantis1/Documentos/Analizar/Axa02Collection/S_122-FicheroVehiculos/env/prod/properties/application.properties", 
                    "Cadena": [
                        "(^(?!.*[L|l][O|o][C|c][A|a][L|l][H|h][O|o][S|s][T|t]))(.*)[s|S][e|E][r|R][v|V][i|I][c|C][i|I][o|O][s|S][w|W][e|E][b|B](.*)"
                    ], 
                    "Extension": ".properties", 
                    "Hardcode": "false", 
                    "Lineas": [
                        {
                            "Linea": 15, 
                            "Texto": "mx.com.axa.ficheros.derivacion.bancs.urlbase=http://serviciosweb.axa.com.mx:7815/BancsAPIWebservices/VehicleUploadWS\r\n", 
                            "url": "http://serviciosweb.axa.com.mx:7815/BancsAPIWebservices/VehicleUploadWS"
                        }
                    ], 
                    "NombreCad": "Datapower", 
                    "Repeticiones": 1
                }
            ], 
            "Nombre": "Sin hardcode", 
            "Numero": "1"
        }, 
        {
            "Archivos": [
                {
                    "Archivo": "/home/javamantis1/Documentos/Analizar/Axa02Collection/S_122-FicheroVehiculos/src/mx/com/axa/ficheros/webservices/VehicleUploadWSServiceStub.java", 
                    "Cadena": [
                        "(^(?!.*[s|S][e|E][r|R][v|V][i|I][c|C][i|I][o|O][s|S]).*)(^(?!.*[a|A][p|P][p|P][s|S][e|E][r|R][v|V][e|E][r|R]))(^(?!.*[L|l][O|o][C|c][A|a][L|l][H|h][O|o][S|s][T|t]))(^(?!.*[uU][rR][lL]_[pP][rR][o|O][g|G][rR][eE][sS][sS]))(^(?!.*[J|j][d|D][b|B][c|C]))(^(?!.*[a|A][g|G][e|E][n|N][t|T][e|E][s|S]))(^(?!.*[M|m][O|o][N|n][G|g][O|o][D|d][B|b]).*)((.*):([0-9]{2,5})/)"
                    ], 
                    "Extension": ".java", 
                    "Hardcode": "true", 
                    "Lineas": [
                        {
                            "Linea": 106, 
                            "Texto": "                    this(configurationContext,\"http://10.77.66.105:7080/BancsAPIWebservices/VehicleUploadWS\" );\r\n", 
                            "url": "http://10.77.66.105:7080/BancsAPIWebservices/VehicleUploadWS"
                        }, 
                        {
                            "Linea": 115, 
                            "Texto": "                    this(\"http://10.77.66.105:7080/BancsAPIWebservices/VehicleUploadWS\" );\r\n", 
                            "url": "http://10.77.66.105:7080/BancsAPIWebservices/VehicleUploadWS"
                        }
                    ], 
                    "NombreCad": "IP", 
                    "Repeticiones": 2
                }
            ], 
            "Nombre": "HardCode", 
            "Numero": "2"
        }
    ]
}