{
    "Aplicacion": "S_121-bumerang-visor", 
    "Prioridades": [
        {
            "Archivos": [
                {
                    "Archivo": "/home/javamantis1/Documentos/Analizar/Axa02Collection/S_121-bumerang-visor/src/main/java/com/axa/mx/transversal/bumerangvisor/ecmWS/EcmWS_ServiceLocator.java", 
                    "Cadena": [
                        "(^(?!.*[L|l][O|o][C|c][A|a][L|l][H|h][O|o][S|s][T|t]))(.*)[s|S][e|E][r|R][v|V][i|I][c|C][i|I][o|O][s|S][w|W][e|E][b|B](.*)"
                    ], 
                    "Extension": ".java", 
                    "Hardcode": "true", 
                    "Lineas": [
                        {
                            "Linea": 27, 
                            "Texto": "//    private java.lang.String ecmWS_address = \"http://serviciosweb.axa.com.mx:9185/dp/services/ecm\";\r\n", 
                            "url": "http://serviciosweb.axa.com.mx:9185/dp/services/ecm"
                        }
                    ], 
                    "NombreCad": "Datapower", 
                    "Repeticiones": 1
                }
            ], 
            "Nombre": "comentarios", 
            "Numero": "3"
        }, 
        {
            "Archivos": [], 
            "Nombre": "Sin hardcode", 
            "Numero": "1"
        }, 
        {
            "Archivos": [
                {
                    "Archivo": "/home/javamantis1/Documentos/Analizar/Axa02Collection/S_121-bumerang-visor/src/main/java/com/axa/mx/transversal/bumerangvisor/ecmWS/EcmWS_ServiceLocator.java", 
                    "Cadena": [
                        "(^(?!.*[s|S][e|E][r|R][v|V][i|I][c|C][i|I][o|O][s|S]).*)(^(?!.*[a|A][p|P][p|P][s|S][e|E][r|R][v|V][e|E][r|R]))(^(?!.*[L|l][O|o][C|c][A|a][L|l][H|h][O|o][S|s][T|t]))(^(?!.*[uU][rR][lL]_[pP][rR][o|O][g|G][rR][eE][sS][sS]))(^(?!.*[J|j][d|D][b|B][c|C]))(^(?!.*[a|A][g|G][e|E][n|N][t|T][e|E][s|S]))(^(?!.*[M|m][O|o][N|n][G|g][O|o][D|d][B|b]).*)((.*):([0-9]{2,5})/)"
                    ], 
                    "Extension": ".java", 
                    "Hardcode": "true", 
                    "Lineas": [
                        {
                            "Linea": 25, 
                            "Texto": "    private java.lang.String ecmWS_address = \"http://10.77.5.75:9185/dp/services/ecm\";\r\n", 
                            "url": "http://10.77.5.75:9185/dp/services/ecm"
                        }
                    ], 
                    "NombreCad": "IP", 
                    "Repeticiones": 1
                }, 
                {
                    "Archivo": "/home/javamantis1/Documentos/Analizar/Axa02Collection/S_121-bumerang-visor/src/main/java/mx/com/axa/ecm/visor/bumerang/mongodb/ConexionBD.java", 
                    "Cadena": [
                        "(^(?!.*[L|l][O|o][C|c][A|a][L|l][H|h][O|o][S|s][T|t]))(.*)[m|M][o|O][n|N][g|G][o|O][d|D][b|B]://(.*):(.*)@((.*):[0-9]{2,5})+/(.*)"
                    ], 
                    "Extension": ".java", 
                    "Hardcode": "true", 
                    "Lineas": [
                        {
                            "Linea": 28, 
                            "Texto": "\t\t// \"mongodb://ECM_ADMIN:Uk5p7uFnM2tC8CXC@lu1mdb03:27027,lu2mdb04:27027,lu2mdb07:27027/ECM\");\r\n", 
                            "url": "mongodb://ECM_ADMIN:Uk5p7uFnM2tC8CXC@lu1mdb03:27027,lu2mdb04:27027,lu2mdb07:27027/ECM"
                        }, 
                        {
                            "Linea": 32, 
                            "Texto": "\t\t\t\t\"mongodb://ecm:NEWpass01@lu2mdb06.asefitest.mex:27027/ECM\");\r\n", 
                            "url": "mongodb://ecm:NEWpass01@lu2mdb06.asefitest.mex:27027/ECM"
                        }
                    ], 
                    "NombreCad": "MongoDB", 
                    "Repeticiones": 2
                }
            ], 
            "Nombre": "HardCode", 
            "Numero": "2"
        }
    ]
}