{
    "Aplicacion": "S_122-BolsasCuposWS", 
    "Prioridades": [
        {
            "Archivos": [
                {
                    "Archivo": "/home/javamantis1/Documentos/Analizar/Axa02Collection/S_122-BolsasCuposWS/env/local/properties/application.properties", 
                    "Cadena": [
                        "(^(?!.*[L|l][O|o][C|c][A|a][L|l][H|h][O|o][S|s][T|t]))(.*)://[a|A][g|G][e|E][n|N][t|T][e|E][s|S](.*)"
                    ], 
                    "Extension": ".properties", 
                    "Hardcode": "false", 
                    "Lineas": [
                        {
                            "Linea": 10, 
                            "Texto": "##mx.com.axa.byc.ws.client.callidus=https://agentesqa.axa.com.mx/ConsultaAgentes/services/ConsultaDetallesAgente\r\n", 
                            "url": "https://agentesqa.axa.com.mx/ConsultaAgentes/services/ConsultaDetallesAgente"
                        }
                    ], 
                    "NombreCad": "Apache", 
                    "Repeticiones": 1
                }
            ], 
            "Nombre": "comentarios", 
            "Numero": "3"
        }, 
        {
            "Archivos": [
                {
                    "Archivo": "/home/javamantis1/Documentos/Analizar/Axa02Collection/S_122-BolsasCuposWS/env/local/properties/application.properties", 
                    "Cadena": [
                        "(^(?!.*[L|l][O|o][C|c][A|a][L|l][H|h][O|o][S|s][T|t]))(.*)[s|S][e|E][r|R][v|V][i|I][c|C][i|I][o|O][s|S][w|W][e|E][b|B](.*)"
                    ], 
                    "Extension": ".properties", 
                    "Hardcode": "false", 
                    "Lineas": [
                        {
                            "Linea": 11, 
                            "Texto": "mx.com.axa.byc.ws.client.callidus=http://servicioswebdev.axa.com.mx:9152/ConsultaAgentes/services/ConsultaDetallesAgente\r\n", 
                            "url": "http://servicioswebdev.axa.com.mx:9152/ConsultaAgentes/services/ConsultaDetallesAgente"
                        }
                    ], 
                    "NombreCad": "Datapower", 
                    "Repeticiones": 1
                }, 
                {
                    "Archivo": "/home/javamantis1/Documentos/Analizar/Axa02Collection/S_122-BolsasCuposWS/env/qa/properties/application.properties", 
                    "Cadena": [
                        "(^(?!.*[L|l][O|o][C|c][A|a][L|l][H|h][O|o][S|s][T|t]))(.*)[s|S][e|E][r|R][v|V][i|I][c|C][i|I][o|O][s|S][w|W][e|E][b|B](.*)"
                    ], 
                    "Extension": ".properties", 
                    "Hardcode": "false", 
                    "Lineas": [
                        {
                            "Linea": 9, 
                            "Texto": "mx.com.axa.byc.ws.client.callidus=http://servicioswebqa.axa.com.mx:9152/ConsultaAgentes/services/ConsultaDetallesAgente\r\n", 
                            "url": "http://servicioswebqa.axa.com.mx:9152/ConsultaAgentes/services/ConsultaDetallesAgente"
                        }
                    ], 
                    "NombreCad": "Datapower", 
                    "Repeticiones": 1
                }, 
                {
                    "Archivo": "/home/javamantis1/Documentos/Analizar/Axa02Collection/S_122-BolsasCuposWS/env/dev/properties/application.properties", 
                    "Cadena": [
                        "(^(?!.*[L|l][O|o][C|c][A|a][L|l][H|h][O|o][S|s][T|t]))(.*)[s|S][e|E][r|R][v|V][i|I][c|C][i|I][o|O][s|S][w|W][e|E][b|B](.*)"
                    ], 
                    "Extension": ".properties", 
                    "Hardcode": "false", 
                    "Lineas": [
                        {
                            "Linea": 9, 
                            "Texto": "mx.com.axa.byc.ws.client.callidus=http://servicioswebdev.axa.com.mx:9152/ConsultaAgentes/services/ConsultaDetallesAgente\r\n", 
                            "url": "http://servicioswebdev.axa.com.mx:9152/ConsultaAgentes/services/ConsultaDetallesAgente"
                        }
                    ], 
                    "NombreCad": "Datapower", 
                    "Repeticiones": 1
                }, 
                {
                    "Archivo": "/home/javamantis1/Documentos/Analizar/Axa02Collection/S_122-BolsasCuposWS/env/prod/properties/application.properties", 
                    "Cadena": [
                        "(^(?!.*[L|l][O|o][C|c][A|a][L|l][H|h][O|o][S|s][T|t]))(.*)[s|S][e|E][r|R][v|V][i|I][c|C][i|I][o|O][s|S][w|W][e|E][b|B](.*)"
                    ], 
                    "Extension": ".properties", 
                    "Hardcode": "false", 
                    "Lineas": [
                        {
                            "Linea": 9, 
                            "Texto": "mx.com.axa.byc.ws.client.callidus=http://serviciosweb.axa.com.mx:9152/ConsultaAgentes/services/ConsultaDetallesAgente\r\n", 
                            "url": "http://serviciosweb.axa.com.mx:9152/ConsultaAgentes/services/ConsultaDetallesAgente"
                        }
                    ], 
                    "NombreCad": "Datapower", 
                    "Repeticiones": 1
                }
            ], 
            "Nombre": "Sin hardcode", 
            "Numero": "1"
        }, 
        {
            "Archivos": [], 
            "Nombre": "HardCode", 
            "Numero": "2"
        }
    ]
}