{
    "Aplicacion": "SRV-025MAIN", 
    "Prioridades": [
        {
            "Archivos": [], 
            "Nombre": "comentarios", 
            "Numero": "3"
        }, 
        {
            "Archivos": [
                {
                    "Archivo": "/home/javamantis1/Documentos/Analizar/AxaServices/SRV-025MAIN/src/main/resources/config.properties", 
                    "Cadena": [
                        "(^(?!.*[L|l][O|o][C|c][A|a][L|l][H|h][O|o][S|s][T|t]))(.*)[s|S][e|E][r|R][v|V][i|I][c|C][i|I][o|O][s|S][w|W][e|E][b|B](.*)"
                    ], 
                    "Extension": ".properties", 
                    "Hardcode": "false", 
                    "Lineas": [
                        {
                            "Linea": 1, 
                            "Texto": "url_ecm=http://serviciosweb.axa.com.mx:9185/eip/dp/gestionDocumental/ecmWS\n", 
                            "url": "http://serviciosweb.axa.com.mx:9185/eip/dp/gestionDocumental/ecmWS"
                        }
                    ], 
                    "NombreCad": "Datapower", 
                    "Repeticiones": 1
                }, 
                {
                    "Archivo": "/home/javamantis1/Documentos/Analizar/AxaServices/SRV-025MAIN/src/main/resources/Messages_es.properties", 
                    "Cadena": [
                        "(^(?!.*[L|l][O|o][C|c][A|a][L|l][H|h][O|o][S|s][T|t]))(.*)[s|S][e|E][r|R][v|V][i|I][c|C][i|I][o|O][s|S][w|W][e|E][b|B](.*)"
                    ], 
                    "Extension": ".properties", 
                    "Hardcode": "false", 
                    "Lineas": [
                        {
                            "Linea": 1, 
                            "Texto": "url_ecm=http://serviciosweb.axa.com.mx:9185/eip/dp/gestionDocumental/ecmWS\n", 
                            "url": "http://serviciosweb.axa.com.mx:9185/eip/dp/gestionDocumental/ecmWS"
                        }
                    ], 
                    "NombreCad": "Datapower", 
                    "Repeticiones": 1
                }, 
                {
                    "Archivo": "/home/javamantis1/Documentos/Analizar/AxaServices/SRV-025MAIN/src/main/resources/properties/local/local.config.properties", 
                    "Cadena": [
                        "(^(?!.*[L|l][O|o][C|c][A|a][L|l][H|h][O|o][S|s][T|t]))(.*)[s|S][e|E][r|R][v|V][i|I][c|C][i|I][o|O][s|S][w|W][e|E][b|B](.*)"
                    ], 
                    "Extension": ".properties", 
                    "Hardcode": "false", 
                    "Lineas": [
                        {
                            "Linea": 1, 
                            "Texto": "url_ecm=http://servicioswebqa.axa.com.mx:9185/eip/dp/gestionDocumental/ecmWS\n", 
                            "url": "http://servicioswebqa.axa.com.mx:9185/eip/dp/gestionDocumental/ecmWS"
                        }
                    ], 
                    "NombreCad": "Datapower", 
                    "Repeticiones": 1
                }, 
                {
                    "Archivo": "/home/javamantis1/Documentos/Analizar/AxaServices/SRV-025MAIN/src/main/resources/properties/local/local.config.properties", 
                    "Cadena": [
                        "(^(?!.*[L|l][O|o][C|c][A|a][L|l][H|h][O|o][S|s][T|t]))(.*)[s|S][e|E][r|R][v|V][i|I][c|C][i|I][o|O][s|S][w|W][e|E][b|B](.*)"
                    ], 
                    "Extension": ".config", 
                    "Hardcode": "false", 
                    "Lineas": [
                        {
                            "Linea": 1, 
                            "Texto": "url_ecm=http://servicioswebqa.axa.com.mx:9185/eip/dp/gestionDocumental/ecmWS\n", 
                            "url": "http://servicioswebqa.axa.com.mx:9185/eip/dp/gestionDocumental/ecmWS"
                        }
                    ], 
                    "NombreCad": "Datapower", 
                    "Repeticiones": 1
                }, 
                {
                    "Archivo": "/home/javamantis1/Documentos/Analizar/AxaServices/SRV-025MAIN/src/main/resources/properties/qa/qa.config.properties", 
                    "Cadena": [
                        "(^(?!.*[L|l][O|o][C|c][A|a][L|l][H|h][O|o][S|s][T|t]))(.*)[s|S][e|E][r|R][v|V][i|I][c|C][i|I][o|O][s|S][w|W][e|E][b|B](.*)"
                    ], 
                    "Extension": ".properties", 
                    "Hardcode": "false", 
                    "Lineas": [
                        {
                            "Linea": 1, 
                            "Texto": "url_ecm=http://servicioswebqa.axa.com.mx:9185/eip/dp/gestionDocumental/ecmWS\n", 
                            "url": "http://servicioswebqa.axa.com.mx:9185/eip/dp/gestionDocumental/ecmWS"
                        }
                    ], 
                    "NombreCad": "Datapower", 
                    "Repeticiones": 1
                }, 
                {
                    "Archivo": "/home/javamantis1/Documentos/Analizar/AxaServices/SRV-025MAIN/src/main/resources/properties/qa/qa.config.properties", 
                    "Cadena": [
                        "(^(?!.*[L|l][O|o][C|c][A|a][L|l][H|h][O|o][S|s][T|t]))(.*)[s|S][e|E][r|R][v|V][i|I][c|C][i|I][o|O][s|S][w|W][e|E][b|B](.*)"
                    ], 
                    "Extension": ".config", 
                    "Hardcode": "false", 
                    "Lineas": [
                        {
                            "Linea": 1, 
                            "Texto": "url_ecm=http://servicioswebqa.axa.com.mx:9185/eip/dp/gestionDocumental/ecmWS\n", 
                            "url": "http://servicioswebqa.axa.com.mx:9185/eip/dp/gestionDocumental/ecmWS"
                        }
                    ], 
                    "NombreCad": "Datapower", 
                    "Repeticiones": 1
                }, 
                {
                    "Archivo": "/home/javamantis1/Documentos/Analizar/AxaServices/SRV-025MAIN/src/main/resources/properties/dev/dev.config.properties", 
                    "Cadena": [
                        "(^(?!.*[L|l][O|o][C|c][A|a][L|l][H|h][O|o][S|s][T|t]))(.*)[s|S][e|E][r|R][v|V][i|I][c|C][i|I][o|O][s|S][w|W][e|E][b|B](.*)"
                    ], 
                    "Extension": ".properties", 
                    "Hardcode": "false", 
                    "Lineas": [
                        {
                            "Linea": 1, 
                            "Texto": "url_ecm=http://servicioswebqa.axa.com.mx:9185/eip/dp/gestionDocumental/ecmWS\n", 
                            "url": "http://servicioswebqa.axa.com.mx:9185/eip/dp/gestionDocumental/ecmWS"
                        }
                    ], 
                    "NombreCad": "Datapower", 
                    "Repeticiones": 1
                }, 
                {
                    "Archivo": "/home/javamantis1/Documentos/Analizar/AxaServices/SRV-025MAIN/src/main/resources/properties/dev/dev.config.properties", 
                    "Cadena": [
                        "(^(?!.*[L|l][O|o][C|c][A|a][L|l][H|h][O|o][S|s][T|t]))(.*)[s|S][e|E][r|R][v|V][i|I][c|C][i|I][o|O][s|S][w|W][e|E][b|B](.*)"
                    ], 
                    "Extension": ".config", 
                    "Hardcode": "false", 
                    "Lineas": [
                        {
                            "Linea": 1, 
                            "Texto": "url_ecm=http://servicioswebqa.axa.com.mx:9185/eip/dp/gestionDocumental/ecmWS\n", 
                            "url": "http://servicioswebqa.axa.com.mx:9185/eip/dp/gestionDocumental/ecmWS"
                        }
                    ], 
                    "NombreCad": "Datapower", 
                    "Repeticiones": 1
                }, 
                {
                    "Archivo": "/home/javamantis1/Documentos/Analizar/AxaServices/SRV-025MAIN/src/main/resources/properties/prod/prod.config.properties", 
                    "Cadena": [
                        "(^(?!.*[L|l][O|o][C|c][A|a][L|l][H|h][O|o][S|s][T|t]))(.*)[s|S][e|E][r|R][v|V][i|I][c|C][i|I][o|O][s|S][w|W][e|E][b|B](.*)"
                    ], 
                    "Extension": ".properties", 
                    "Hardcode": "false", 
                    "Lineas": [
                        {
                            "Linea": 1, 
                            "Texto": "url_ecm=http://serviciosweb.axa.com.mx:9185/eip/dp/gestionDocumental/ecmWS\n", 
                            "url": "http://serviciosweb.axa.com.mx:9185/eip/dp/gestionDocumental/ecmWS"
                        }
                    ], 
                    "NombreCad": "Datapower", 
                    "Repeticiones": 1
                }, 
                {
                    "Archivo": "/home/javamantis1/Documentos/Analizar/AxaServices/SRV-025MAIN/src/main/resources/properties/prod/prod.config.properties", 
                    "Cadena": [
                        "(^(?!.*[L|l][O|o][C|c][A|a][L|l][H|h][O|o][S|s][T|t]))(.*)[s|S][e|E][r|R][v|V][i|I][c|C][i|I][o|O][s|S][w|W][e|E][b|B](.*)"
                    ], 
                    "Extension": ".config", 
                    "Hardcode": "false", 
                    "Lineas": [
                        {
                            "Linea": 1, 
                            "Texto": "url_ecm=http://serviciosweb.axa.com.mx:9185/eip/dp/gestionDocumental/ecmWS\n", 
                            "url": "http://serviciosweb.axa.com.mx:9185/eip/dp/gestionDocumental/ecmWS"
                        }
                    ], 
                    "NombreCad": "Datapower", 
                    "Repeticiones": 1
                }
            ], 
            "Nombre": "Sin hardcode", 
            "Numero": "1"
        }, 
        {
            "Archivos": [
                {
                    "Archivo": "/home/javamantis1/Documentos/Analizar/AxaServices/SRV-025MAIN/src/main/java/mx/axa/ecmproxy/wsclient/ecmws/EcmWS_Service.java", 
                    "Cadena": [
                        "(^(?!.*[L|l][O|o][C|c][A|a][L|l][H|h][O|o][S|s][T|t]))(.*)[s|S][e|E][r|R][v|V][i|I][c|C][i|I][o|O][s|S][w|W][e|E][b|B](.*)"
                    ], 
                    "Extension": ".java", 
                    "Hardcode": "true", 
                    "Lineas": [
                        {
                            "Linea": 18, 
                            "Texto": "                  wsdlLocation = \"http://serviciosweb.axa.com.mx:9185/eip/dp/gestionDocumental/ecmWS?wsdl\",\n", 
                            "url": "http://serviciosweb.axa.com.mx:9185/eip/dp/gestionDocumental/ecmWS?wsdl"
                        }, 
                        {
                            "Linea": 29, 
                            "Texto": "            url = new URL(\"http://serviciosweb.axa.com.mx:9185/eip/dp/gestionDocumental/ecmWS?wsdl\");\n", 
                            "url": "http://serviciosweb.axa.com.mx:9185/eip/dp/gestionDocumental/ecmWS?wsdl"
                        }, 
                        {
                            "Linea": 33, 
                            "Texto": "                     \"Can not initialize the default wsdl from {0}\", \"http://serviciosweb.axa.com.mx:9185/eip/dp/gestionDocumental/ecmWS?wsdl\");\n", 
                            "url": "http://serviciosweb.axa.com.mx:9185/eip/dp/gestionDocumental/ecmWS?wsdl"
                        }
                    ], 
                    "NombreCad": "Datapower", 
                    "Repeticiones": 3
                }
            ], 
            "Nombre": "HardCode", 
            "Numero": "2"
        }
    ]
}