{
    "Aplicacion": "SRV-080-MAIN", 
    "Prioridades": [
        {
            "Archivos": [], 
            "Nombre": "comentarios", 
            "Numero": "3"
        }, 
        {
            "Archivos": [
                {
                    "Archivo": "/home/javamantis1/Documentos/Analizar/AxaServices/SRV-080-MAIN/target/CuentaBancariaWS/WEB-INF/o4glconfig.xml", 
                    "Cadena": [
                        "(^(?!.*[s|S][e|E][r|R][v|V][i|I][c|C][i|I][o|O][s|S]).*)(^(?!.*[a|A][p|P][p|P][s|S][e|E][r|R][v|V][e|E][r|R]))(^(?!.*[L|l][O|o][C|c][A|a][L|l][H|h][O|o][S|s][T|t]))(^(?!.*[uU][rR][lL]_[pP][rR][o|O][g|G][rR][eE][sS][sS]))(^(?!.*[J|j][d|D][b|B][c|C]))(^(?!.*[a|A][g|G][e|E][n|N][t|T][e|E][s|S]))(^(?!.*[M|m][O|o][N|n][G|g][O|o][D|d][B|b]).*)((.*):([0-9]{2,5})/)"
                    ], 
                    "Extension": ".xml", 
                    "Hardcode": "false", 
                    "Lineas": [
                        {
                            "Linea": 9, 
                            "Texto": "\t\t\t<url>http://k9000:5181/asbctasban9</url>\r\n", 
                            "url": "http://k9000:5181/asbctasban9"
                        }, 
                        {
                            "Linea": 15, 
                            "Texto": "\t\t<url>http://k9000:5181/asbctasaia9</url>\r\n", 
                            "url": "http://k9000:5181/asbctasaia9"
                        }, 
                        {
                            "Linea": 21, 
                            "Texto": "\t\t<url>http://k9000:5181/asbctasclaims9</url>\r\n", 
                            "url": "http://k9000:5181/asbctasclaims9"
                        }, 
                        {
                            "Linea": 27, 
                            "Texto": "\t\t<url>http://ux-desa1:6004/asbredpgm</url>\r\n", 
                            "url": "http://ux-desa1:6004/asbredpgm"
                        }
                    ], 
                    "NombreCad": "IP", 
                    "Repeticiones": 4
                }, 
                {
                    "Archivo": "/home/javamantis1/Documentos/Analizar/AxaServices/SRV-080-MAIN/target/CuentaBancariaWS/WEB-INF/classes/o4glconfig.xml", 
                    "Cadena": [
                        "(^(?!.*[s|S][e|E][r|R][v|V][i|I][c|C][i|I][o|O][s|S]).*)(^(?!.*[a|A][p|P][p|P][s|S][e|E][r|R][v|V][e|E][r|R]))(^(?!.*[L|l][O|o][C|c][A|a][L|l][H|h][O|o][S|s][T|t]))(^(?!.*[uU][rR][lL]_[pP][rR][o|O][g|G][rR][eE][sS][sS]))(^(?!.*[J|j][d|D][b|B][c|C]))(^(?!.*[a|A][g|G][e|E][n|N][t|T][e|E][s|S]))(^(?!.*[M|m][O|o][N|n][G|g][O|o][D|d][B|b]).*)((.*):([0-9]{2,5})/)"
                    ], 
                    "Extension": ".xml", 
                    "Hardcode": "false", 
                    "Lineas": [
                        {
                            "Linea": 9, 
                            "Texto": "\t\t\t<url>http://Lu2app188:5034/asbctasban11</url>\r\n", 
                            "url": "http://Lu2app188:5034/asbctasban11"
                        }, 
                        {
                            "Linea": 15, 
                            "Texto": "\t\t<url>http://Lu2app188:5034/asbctasaia11</url>\r\n", 
                            "url": "http://Lu2app188:5034/asbctasaia11"
                        }, 
                        {
                            "Linea": 21, 
                            "Texto": "\t\t<url>http://Lu2app188:5034/asbctasclaims11</url>\r\n", 
                            "url": "http://Lu2app188:5034/asbctasclaims11"
                        }, 
                        {
                            "Linea": 27, 
                            "Texto": "\t\t<url>http://ux-desa1:6004/asbredpgm</url>\r\n", 
                            "url": "http://ux-desa1:6004/asbredpgm"
                        }
                    ], 
                    "NombreCad": "IP", 
                    "Repeticiones": 4
                }, 
                {
                    "Archivo": "/home/javamantis1/Documentos/Analizar/AxaServices/SRV-080-MAIN/target/CuentaBancariaWS/WEB-INF/classes/config.properties", 
                    "Cadena": [
                        "(^(?!.*[L|l][O|o][C|c][A|a][L|l][H|h][O|o][S|s][T|t]))[uU][rR][lL]_[pP][rR]og[rR][eE][sS][sS](\\s)*"
                    ], 
                    "Extension": ".properties", 
                    "Hardcode": "false", 
                    "Lineas": [
                        {
                            "Linea": 2, 
                            "Texto": "url_progress= //Lu2app188:5034/asbctasban11\r\n"
                        }, 
                        {
                            "Linea": 3, 
                            "Texto": "url_progress2=//Lu2app188:5034/asbctasaia11\r\n", 
                            "url": "url_progress2=//Lu2app188:5034/asbctasaia11"
                        }, 
                        {
                            "Linea": 4, 
                            "Texto": "url_progress3=//Lu2app188:5034/asbctasclaims11\r\n", 
                            "url": "url_progress3=//Lu2app188:5034/asbctasclaims11"
                        }, 
                        {
                            "Linea": 5, 
                            "Texto": "url_progress_redPres=//k9000:6004/asbredpgm\r\n", 
                            "url": "url_progress_redPres=//k9000:6004/asbredpgm"
                        }
                    ], 
                    "NombreCad": "Progress2", 
                    "Repeticiones": 4
                }, 
                {
                    "Archivo": "/home/javamantis1/Documentos/Analizar/AxaServices/SRV-080-MAIN/target/m2e-wtp/web-resources/WEB-INF/o4glconfig.xml", 
                    "Cadena": [
                        "(^(?!.*[s|S][e|E][r|R][v|V][i|I][c|C][i|I][o|O][s|S]).*)(^(?!.*[a|A][p|P][p|P][s|S][e|E][r|R][v|V][e|E][r|R]))(^(?!.*[L|l][O|o][C|c][A|a][L|l][H|h][O|o][S|s][T|t]))(^(?!.*[uU][rR][lL]_[pP][rR][o|O][g|G][rR][eE][sS][sS]))(^(?!.*[J|j][d|D][b|B][c|C]))(^(?!.*[a|A][g|G][e|E][n|N][t|T][e|E][s|S]))(^(?!.*[M|m][O|o][N|n][G|g][O|o][D|d][B|b]).*)((.*):([0-9]{2,5})/)"
                    ], 
                    "Extension": ".xml", 
                    "Hardcode": "false", 
                    "Lineas": [
                        {
                            "Linea": 9, 
                            "Texto": "\t\t\t<url>http://LU1APP193:5034/asbctasban9</url>\r\n", 
                            "url": "http://LU1APP193:5034/asbctasban9"
                        }, 
                        {
                            "Linea": 15, 
                            "Texto": "\t\t<url>http://LU1APP193:5034/asbctasaia9</url>\r\n", 
                            "url": "http://LU1APP193:5034/asbctasaia9"
                        }, 
                        {
                            "Linea": 21, 
                            "Texto": "\t\t<url>http://LU1APP193:5034/asbctasclaims9</url>\r\n", 
                            "url": "http://LU1APP193:5034/asbctasclaims9"
                        }, 
                        {
                            "Linea": 27, 
                            "Texto": "\t\t<url>http://ux-desa1:6004/asbredpgm</url>\r\n", 
                            "url": "http://ux-desa1:6004/asbredpgm"
                        }
                    ], 
                    "NombreCad": "IP", 
                    "Repeticiones": 4
                }, 
                {
                    "Archivo": "/home/javamantis1/Documentos/Analizar/AxaServices/SRV-080-MAIN/target/classes/o4glconfig.xml", 
                    "Cadena": [
                        "(^(?!.*[s|S][e|E][r|R][v|V][i|I][c|C][i|I][o|O][s|S]).*)(^(?!.*[a|A][p|P][p|P][s|S][e|E][r|R][v|V][e|E][r|R]))(^(?!.*[L|l][O|o][C|c][A|a][L|l][H|h][O|o][S|s][T|t]))(^(?!.*[uU][rR][lL]_[pP][rR][o|O][g|G][rR][eE][sS][sS]))(^(?!.*[J|j][d|D][b|B][c|C]))(^(?!.*[a|A][g|G][e|E][n|N][t|T][e|E][s|S]))(^(?!.*[M|m][O|o][N|n][G|g][O|o][D|d][B|b]).*)((.*):([0-9]{2,5})/)"
                    ], 
                    "Extension": ".xml", 
                    "Hardcode": "false", 
                    "Lineas": [
                        {
                            "Linea": 9, 
                            "Texto": "\t\t\t<url>http://LU1APP193:5034/asbctasban9</url>\r\n", 
                            "url": "http://LU1APP193:5034/asbctasban9"
                        }, 
                        {
                            "Linea": 15, 
                            "Texto": "\t\t<url>http://LU1APP193:5034/asbctasaia9</url>\r\n", 
                            "url": "http://LU1APP193:5034/asbctasaia9"
                        }, 
                        {
                            "Linea": 21, 
                            "Texto": "\t\t<url>http://LU1APP193:5034/asbctasclaims9</url>\r\n", 
                            "url": "http://LU1APP193:5034/asbctasclaims9"
                        }, 
                        {
                            "Linea": 27, 
                            "Texto": "\t\t<url>http://ux-desa1:6004/asbredpgm</url>\r\n", 
                            "url": "http://ux-desa1:6004/asbredpgm"
                        }
                    ], 
                    "NombreCad": "IP", 
                    "Repeticiones": 4
                }, 
                {
                    "Archivo": "/home/javamantis1/Documentos/Analizar/AxaServices/SRV-080-MAIN/target/classes/config.properties", 
                    "Cadena": [
                        "(^(?!.*[L|l][O|o][C|c][A|a][L|l][H|h][O|o][S|s][T|t]))[uU][rR][lL]_[pP][rR]og[rR][eE][sS][sS](\\s)*"
                    ], 
                    "Extension": ".properties", 
                    "Hardcode": "false", 
                    "Lineas": [
                        {
                            "Linea": 9, 
                            "Texto": "url_progress= //LU1APP193:5034/asbctasban11\r\n"
                        }, 
                        {
                            "Linea": 10, 
                            "Texto": "url_progress2=//LU1APP193:5034/asbctasaia11\r\n", 
                            "url": "url_progress2=//LU1APP193:5034/asbctasaia11"
                        }, 
                        {
                            "Linea": 11, 
                            "Texto": "url_progress3=//LU1APP193:5034/asbctasclaims11", 
                            "url": "url_progress3=//LU1APP193:5034/asbctasclaims11"
                        }
                    ], 
                    "NombreCad": "Progress2", 
                    "Repeticiones": 3
                }, 
                {
                    "Archivo": "/home/javamantis1/Documentos/Analizar/AxaServices/SRV-080-MAIN/env/qa2/o4glconfig.xml", 
                    "Cadena": [
                        "(^(?!.*[s|S][e|E][r|R][v|V][i|I][c|C][i|I][o|O][s|S]).*)(^(?!.*[a|A][p|P][p|P][s|S][e|E][r|R][v|V][e|E][r|R]))(^(?!.*[L|l][O|o][C|c][A|a][L|l][H|h][O|o][S|s][T|t]))(^(?!.*[uU][rR][lL]_[pP][rR][o|O][g|G][rR][eE][sS][sS]))(^(?!.*[J|j][d|D][b|B][c|C]))(^(?!.*[a|A][g|G][e|E][n|N][t|T][e|E][s|S]))(^(?!.*[M|m][O|o][N|n][G|g][O|o][D|d][B|b]).*)((.*):([0-9]{2,5})/)"
                    ], 
                    "Extension": ".xml", 
                    "Hardcode": "false", 
                    "Lineas": [
                        {
                            "Linea": 9, 
                            "Texto": "\t\t\t<url>http://Lu2app188:5034/asbctasban11</url>\r\n", 
                            "url": "http://Lu2app188:5034/asbctasban11"
                        }, 
                        {
                            "Linea": 15, 
                            "Texto": "\t\t<url>http://Lu2app188:5034/asbctasaia11</url>\r\n", 
                            "url": "http://Lu2app188:5034/asbctasaia11"
                        }, 
                        {
                            "Linea": 21, 
                            "Texto": "\t\t<url>http://Lu2app188:5034/asbctasclaims11</url>\r\n", 
                            "url": "http://Lu2app188:5034/asbctasclaims11"
                        }, 
                        {
                            "Linea": 27, 
                            "Texto": "\t\t<url>http://ux-desa1:6004/asbredpgm</url>\r\n", 
                            "url": "http://ux-desa1:6004/asbredpgm"
                        }
                    ], 
                    "NombreCad": "IP", 
                    "Repeticiones": 4
                }, 
                {
                    "Archivo": "/home/javamantis1/Documentos/Analizar/AxaServices/SRV-080-MAIN/env/qa2/config.properties", 
                    "Cadena": [
                        "(^(?!.*[L|l][O|o][C|c][A|a][L|l][H|h][O|o][S|s][T|t]))[uU][rR][lL]_[pP][rR]og[rR][eE][sS][sS](\\s)*"
                    ], 
                    "Extension": ".properties", 
                    "Hardcode": "false", 
                    "Lineas": [
                        {
                            "Linea": 2, 
                            "Texto": "url_progress= //Lu2app188:5034/asbctasban11\r\n"
                        }, 
                        {
                            "Linea": 3, 
                            "Texto": "url_progress2=//Lu2app188:5034/asbctasaia11\r\n", 
                            "url": "url_progress2=//Lu2app188:5034/asbctasaia11"
                        }, 
                        {
                            "Linea": 4, 
                            "Texto": "url_progress3=//Lu2app188:5034/asbctasclaims11", 
                            "url": "url_progress3=//Lu2app188:5034/asbctasclaims11"
                        }
                    ], 
                    "NombreCad": "Progress2", 
                    "Repeticiones": 3
                }, 
                {
                    "Archivo": "/home/javamantis1/Documentos/Analizar/AxaServices/SRV-080-MAIN/env/qa/o4glconfig.xml", 
                    "Cadena": [
                        "(^(?!.*[s|S][e|E][r|R][v|V][i|I][c|C][i|I][o|O][s|S]).*)(^(?!.*[a|A][p|P][p|P][s|S][e|E][r|R][v|V][e|E][r|R]))(^(?!.*[L|l][O|o][C|c][A|a][L|l][H|h][O|o][S|s][T|t]))(^(?!.*[uU][rR][lL]_[pP][rR][o|O][g|G][rR][eE][sS][sS]))(^(?!.*[J|j][d|D][b|B][c|C]))(^(?!.*[a|A][g|G][e|E][n|N][t|T][e|E][s|S]))(^(?!.*[M|m][O|o][N|n][G|g][O|o][D|d][B|b]).*)((.*):([0-9]{2,5})/)"
                    ], 
                    "Extension": ".xml", 
                    "Hardcode": "false", 
                    "Lineas": [
                        {
                            "Linea": 9, 
                            "Texto": "\t\t\t<url>http://ux_desa5:5181/asbctasban11</url>\r\n", 
                            "url": "http://ux_desa5:5181/asbctasban11"
                        }, 
                        {
                            "Linea": 15, 
                            "Texto": "\t\t<url>http://ux_desa5:5181/asbctasaia11</url>\r\n", 
                            "url": "http://ux_desa5:5181/asbctasaia11"
                        }, 
                        {
                            "Linea": 21, 
                            "Texto": "\t\t<url>http://ux_desa5:5181/asbctasclaims11</url>\r\n", 
                            "url": "http://ux_desa5:5181/asbctasclaims11"
                        }, 
                        {
                            "Linea": 27, 
                            "Texto": "\t\t<url>http://ux-desa1:6004/asbredpgm</url>\r\n", 
                            "url": "http://ux-desa1:6004/asbredpgm"
                        }
                    ], 
                    "NombreCad": "IP", 
                    "Repeticiones": 4
                }, 
                {
                    "Archivo": "/home/javamantis1/Documentos/Analizar/AxaServices/SRV-080-MAIN/env/qa/config.properties", 
                    "Cadena": [
                        "(^(?!.*[L|l][O|o][C|c][A|a][L|l][H|h][O|o][S|s][T|t]))[uU][rR][lL]_[pP][rR]og[rR][eE][sS][sS](\\s)*"
                    ], 
                    "Extension": ".properties", 
                    "Hardcode": "false", 
                    "Lineas": [
                        {
                            "Linea": 2, 
                            "Texto": "url_progress=//ux_desa5:5181/asbctasban9 \r\n", 
                            "url": "url_progress=//ux_desa5:5181/asbctasban9"
                        }, 
                        {
                            "Linea": 3, 
                            "Texto": "url_progress2=//ux_desa5:5181/asbctasaia9\r\n", 
                            "url": "url_progress2=//ux_desa5:5181/asbctasaia9"
                        }, 
                        {
                            "Linea": 4, 
                            "Texto": "url_progress3=//ux_desa5:5181/asbctasclaims9", 
                            "url": "url_progress3=//ux_desa5:5181/asbctasclaims9"
                        }
                    ], 
                    "NombreCad": "Progress2", 
                    "Repeticiones": 3
                }, 
                {
                    "Archivo": "/home/javamantis1/Documentos/Analizar/AxaServices/SRV-080-MAIN/env/dev2/o4glconfig.xml", 
                    "Cadena": [
                        "(^(?!.*[s|S][e|E][r|R][v|V][i|I][c|C][i|I][o|O][s|S]).*)(^(?!.*[a|A][p|P][p|P][s|S][e|E][r|R][v|V][e|E][r|R]))(^(?!.*[L|l][O|o][C|c][A|a][L|l][H|h][O|o][S|s][T|t]))(^(?!.*[uU][rR][lL]_[pP][rR][o|O][g|G][rR][eE][sS][sS]))(^(?!.*[J|j][d|D][b|B][c|C]))(^(?!.*[a|A][g|G][e|E][n|N][t|T][e|E][s|S]))(^(?!.*[M|m][O|o][N|n][G|g][O|o][D|d][B|b]).*)((.*):([0-9]{2,5})/)"
                    ], 
                    "Extension": ".xml", 
                    "Hardcode": "false", 
                    "Lineas": [
                        {
                            "Linea": 9, 
                            "Texto": "\t\t<url>http://ux-desa1:6000/asbctasban11</url>\r\n", 
                            "url": "http://ux-desa1:6000/asbctasban11"
                        }, 
                        {
                            "Linea": 15, 
                            "Texto": "\t\t<url>http://ux-desa1:6000/asbctasaia11</url>\r\n", 
                            "url": "http://ux-desa1:6000/asbctasaia11"
                        }, 
                        {
                            "Linea": 21, 
                            "Texto": "\t\t<url>http://ux-desa1:6000/asbctasclaims11</url>\r\n", 
                            "url": "http://ux-desa1:6000/asbctasclaims11"
                        }, 
                        {
                            "Linea": 27, 
                            "Texto": "\t\t<url>http://ux-desa1:6004/asbredpgm</url>\r\n", 
                            "url": "http://ux-desa1:6004/asbredpgm"
                        }
                    ], 
                    "NombreCad": "IP", 
                    "Repeticiones": 4
                }, 
                {
                    "Archivo": "/home/javamantis1/Documentos/Analizar/AxaServices/SRV-080-MAIN/env/dev2/config.properties", 
                    "Cadena": [
                        "(^(?!.*[L|l][O|o][C|c][A|a][L|l][H|h][O|o][S|s][T|t]))[uU][rR][lL]_[pP][rR]og[rR][eE][sS][sS](\\s)*"
                    ], 
                    "Extension": ".properties", 
                    "Hardcode": "false", 
                    "Lineas": [
                        {
                            "Linea": 2, 
                            "Texto": "url_progress=//ux-desa1:6000/asbctasban9\r\n", 
                            "url": "url_progress=//ux-desa1:6000/asbctasban9"
                        }, 
                        {
                            "Linea": 3, 
                            "Texto": "url_progress_redPres=//ux-desa1:6004/asbredpgm\r\n", 
                            "url": "url_progress_redPres=//ux-desa1:6004/asbredpgm"
                        }, 
                        {
                            "Linea": 4, 
                            "Texto": "url_progress2=//ux-desa1:6000/asbctasaia9\r\n", 
                            "url": "url_progress2=//ux-desa1:6000/asbctasaia9"
                        }, 
                        {
                            "Linea": 5, 
                            "Texto": "url_progress3=//ux-desa1:6000/asbctasclaims9", 
                            "url": "url_progress3=//ux-desa1:6000/asbctasclaims9"
                        }
                    ], 
                    "NombreCad": "Progress2", 
                    "Repeticiones": 4
                }, 
                {
                    "Archivo": "/home/javamantis1/Documentos/Analizar/AxaServices/SRV-080-MAIN/env/dev/o4glconfig.xml", 
                    "Cadena": [
                        "(^(?!.*[s|S][e|E][r|R][v|V][i|I][c|C][i|I][o|O][s|S]).*)(^(?!.*[a|A][p|P][p|P][s|S][e|E][r|R][v|V][e|E][r|R]))(^(?!.*[L|l][O|o][C|c][A|a][L|l][H|h][O|o][S|s][T|t]))(^(?!.*[uU][rR][lL]_[pP][rR][o|O][g|G][rR][eE][sS][sS]))(^(?!.*[J|j][d|D][b|B][c|C]))(^(?!.*[a|A][g|G][e|E][n|N][t|T][e|E][s|S]))(^(?!.*[M|m][O|o][N|n][G|g][O|o][D|d][B|b]).*)((.*):([0-9]{2,5})/)"
                    ], 
                    "Extension": ".xml", 
                    "Hardcode": "false", 
                    "Lineas": [
                        {
                            "Linea": 9, 
                            "Texto": "\t\t<url>http://ux-desa1:6000/asbctasban11</url>\r\n", 
                            "url": "http://ux-desa1:6000/asbctasban11"
                        }, 
                        {
                            "Linea": 15, 
                            "Texto": "\t\t<url>http://ux-desa1:6000/asbctasaia11</url>\r\n", 
                            "url": "http://ux-desa1:6000/asbctasaia11"
                        }, 
                        {
                            "Linea": 21, 
                            "Texto": "\t\t<url>http://ux-desa1:6000/asbctasclaims11</url>\r\n", 
                            "url": "http://ux-desa1:6000/asbctasclaims11"
                        }, 
                        {
                            "Linea": 27, 
                            "Texto": "\t\t<url>http://ux-desa1:6004/asbredpgm</url>\r\n", 
                            "url": "http://ux-desa1:6004/asbredpgm"
                        }
                    ], 
                    "NombreCad": "IP", 
                    "Repeticiones": 4
                }, 
                {
                    "Archivo": "/home/javamantis1/Documentos/Analizar/AxaServices/SRV-080-MAIN/env/dev/config.properties", 
                    "Cadena": [
                        "(^(?!.*[L|l][O|o][C|c][A|a][L|l][H|h][O|o][S|s][T|t]))[uU][rR][lL]_[pP][rR]og[rR][eE][sS][sS](\\s)*"
                    ], 
                    "Extension": ".properties", 
                    "Hardcode": "false", 
                    "Lineas": [
                        {
                            "Linea": 2, 
                            "Texto": "url_progress=//ux-desa1:6000/asbctasban9\r\n", 
                            "url": "url_progress=//ux-desa1:6000/asbctasban9"
                        }, 
                        {
                            "Linea": 3, 
                            "Texto": "url_progress_redPres=//ux-desa1:6004/asbredpgm\r\n", 
                            "url": "url_progress_redPres=//ux-desa1:6004/asbredpgm"
                        }, 
                        {
                            "Linea": 4, 
                            "Texto": "url_progress2=//ux-desa1:6000/asbctasaia9\r\n", 
                            "url": "url_progress2=//ux-desa1:6000/asbctasaia9"
                        }, 
                        {
                            "Linea": 5, 
                            "Texto": "url_progress3=//ux-desa1:6000/asbctasclaims9", 
                            "url": "url_progress3=//ux-desa1:6000/asbctasclaims9"
                        }
                    ], 
                    "NombreCad": "Progress2", 
                    "Repeticiones": 4
                }, 
                {
                    "Archivo": "/home/javamantis1/Documentos/Analizar/AxaServices/SRV-080-MAIN/env/prod/o4glconfig.xml", 
                    "Cadena": [
                        "(^(?!.*[s|S][e|E][r|R][v|V][i|I][c|C][i|I][o|O][s|S]).*)(^(?!.*[a|A][p|P][p|P][s|S][e|E][r|R][v|V][e|E][r|R]))(^(?!.*[L|l][O|o][C|c][A|a][L|l][H|h][O|o][S|s][T|t]))(^(?!.*[uU][rR][lL]_[pP][rR][o|O][g|G][rR][eE][sS][sS]))(^(?!.*[J|j][d|D][b|B][c|C]))(^(?!.*[a|A][g|G][e|E][n|N][t|T][e|E][s|S]))(^(?!.*[M|m][O|o][N|n][G|g][O|o][D|d][B|b]).*)((.*):([0-9]{2,5})/)"
                    ], 
                    "Extension": ".xml", 
                    "Hardcode": "false", 
                    "Lineas": [
                        {
                            "Linea": 9, 
                            "Texto": "\t\t\t<url>http://Lu1app193:5034/asbctasban9</url>\r\n", 
                            "url": "http://Lu1app193:5034/asbctasban9"
                        }, 
                        {
                            "Linea": 15, 
                            "Texto": "\t\t<url>http://Lu1app193:5034/asbctasaia9</url>\r\n", 
                            "url": "http://Lu1app193:5034/asbctasaia9"
                        }, 
                        {
                            "Linea": 21, 
                            "Texto": "\t\t<url>http://Lu1app193:5034/asbctasclaims9</url>\r\n", 
                            "url": "http://Lu1app193:5034/asbctasclaims9"
                        }, 
                        {
                            "Linea": 27, 
                            "Texto": "\t\t<url>http://k9000:6004/asbredpgm</url>\r\n", 
                            "url": "http://k9000:6004/asbredpgm"
                        }
                    ], 
                    "NombreCad": "IP", 
                    "Repeticiones": 4
                }, 
                {
                    "Archivo": "/home/javamantis1/Documentos/Analizar/AxaServices/SRV-080-MAIN/env/prod/config.properties", 
                    "Cadena": [
                        "(^(?!.*[L|l][O|o][C|c][A|a][L|l][H|h][O|o][S|s][T|t]))[uU][rR][lL]_[pP][rR]og[rR][eE][sS][sS](\\s)*"
                    ], 
                    "Extension": ".properties", 
                    "Hardcode": "false", 
                    "Lineas": [
                        {
                            "Linea": 7, 
                            "Texto": "url_progress= //LU1APP93:5034/asbctasban11\r\n"
                        }, 
                        {
                            "Linea": 8, 
                            "Texto": "url_progress2=//LU1APP93:5034/asbctasaia11\r\n", 
                            "url": "url_progress2=//LU1APP93:5034/asbctasaia11"
                        }, 
                        {
                            "Linea": 9, 
                            "Texto": "url_progress3=//LU1APP93:5034/asbctasclaims11\r\n", 
                            "url": "url_progress3=//LU1APP93:5034/asbctasclaims11"
                        }, 
                        {
                            "Linea": 10, 
                            "Texto": "url_progress_redPres=//k9000:6004/asbredpgm", 
                            "url": "url_progress_redPres=//k9000:6004/asbredpgm"
                        }
                    ], 
                    "NombreCad": "Progress2", 
                    "Repeticiones": 4
                }, 
                {
                    "Archivo": "/home/javamantis1/Documentos/Analizar/AxaServices/SRV-080-MAIN/env/prep/o4glconfig.xml", 
                    "Cadena": [
                        "(^(?!.*[s|S][e|E][r|R][v|V][i|I][c|C][i|I][o|O][s|S]).*)(^(?!.*[a|A][p|P][p|P][s|S][e|E][r|R][v|V][e|E][r|R]))(^(?!.*[L|l][O|o][C|c][A|a][L|l][H|h][O|o][S|s][T|t]))(^(?!.*[uU][rR][lL]_[pP][rR][o|O][g|G][rR][eE][sS][sS]))(^(?!.*[J|j][d|D][b|B][c|C]))(^(?!.*[a|A][g|G][e|E][n|N][t|T][e|E][s|S]))(^(?!.*[M|m][O|o][N|n][G|g][O|o][D|d][B|b]).*)((.*):([0-9]{2,5})/)"
                    ], 
                    "Extension": ".xml", 
                    "Hardcode": "false", 
                    "Lineas": [
                        {
                            "Linea": 9, 
                            "Texto": "\t\t\t<url>http://Lu2app89:5034/asbctasban11</url>\r\n", 
                            "url": "http://Lu2app89:5034/asbctasban11"
                        }, 
                        {
                            "Linea": 15, 
                            "Texto": "\t\t<url>http://k9000:6004/asbredpgm</url>\r\n", 
                            "url": "http://k9000:6004/asbredpgm"
                        }
                    ], 
                    "NombreCad": "IP", 
                    "Repeticiones": 2
                }, 
                {
                    "Archivo": "/home/javamantis1/Documentos/Analizar/AxaServices/SRV-080-MAIN/env/prep/config.properties", 
                    "Cadena": [
                        "(^(?!.*[L|l][O|o][C|c][A|a][L|l][H|h][O|o][S|s][T|t]))[uU][rR][lL]_[pP][rR]og[rR][eE][sS][sS](\\s)*"
                    ], 
                    "Extension": ".properties", 
                    "Hardcode": "false", 
                    "Lineas": [
                        {
                            "Linea": 2, 
                            "Texto": "url_progress=//Lu2app89:5034/asbctasban11\r\n", 
                            "url": "url_progress=//Lu2app89:5034/asbctasban11"
                        }, 
                        {
                            "Linea": 3, 
                            "Texto": "url_progress2=//Lu2app89:5034/asbctasaia11\r\n", 
                            "url": "url_progress2=//Lu2app89:5034/asbctasaia11"
                        }, 
                        {
                            "Linea": 4, 
                            "Texto": "url_progress3=//Lu2app89:5034/asbctasclaims11", 
                            "url": "url_progress3=//Lu2app89:5034/asbctasclaims11"
                        }
                    ], 
                    "NombreCad": "Progress2", 
                    "Repeticiones": 3
                }, 
                {
                    "Archivo": "/home/javamantis1/Documentos/Analizar/AxaServices/SRV-080-MAIN/WebContent/WEB-INF/o4glconfig.xml", 
                    "Cadena": [
                        "(^(?!.*[s|S][e|E][r|R][v|V][i|I][c|C][i|I][o|O][s|S]).*)(^(?!.*[a|A][p|P][p|P][s|S][e|E][r|R][v|V][e|E][r|R]))(^(?!.*[L|l][O|o][C|c][A|a][L|l][H|h][O|o][S|s][T|t]))(^(?!.*[uU][rR][lL]_[pP][rR][o|O][g|G][rR][eE][sS][sS]))(^(?!.*[J|j][d|D][b|B][c|C]))(^(?!.*[a|A][g|G][e|E][n|N][t|T][e|E][s|S]))(^(?!.*[M|m][O|o][N|n][G|g][O|o][D|d][B|b]).*)((.*):([0-9]{2,5})/)"
                    ], 
                    "Extension": ".xml", 
                    "Hardcode": "false", 
                    "Lineas": [
                        {
                            "Linea": 9, 
                            "Texto": "\t\t\t<url>http://Lu2app188:5034/asbctasban11</url>\r\n", 
                            "url": "http://Lu2app188:5034/asbctasban11"
                        }, 
                        {
                            "Linea": 15, 
                            "Texto": "\t\t<url>http://Lu2app188:5034/asbctasaia11</url>\r\n", 
                            "url": "http://Lu2app188:5034/asbctasaia11"
                        }, 
                        {
                            "Linea": 21, 
                            "Texto": "\t\t<url>http://Lu2app188:5034/asbctasclaims11</url>\r\n", 
                            "url": "http://Lu2app188:5034/asbctasclaims11"
                        }
                    ], 
                    "NombreCad": "IP", 
                    "Repeticiones": 3
                }, 
                {
                    "Archivo": "/home/javamantis1/Documentos/Analizar/AxaServices/SRV-080-MAIN/src/main/resources/o4glconfig.xml", 
                    "Cadena": [
                        "(^(?!.*[s|S][e|E][r|R][v|V][i|I][c|C][i|I][o|O][s|S]).*)(^(?!.*[a|A][p|P][p|P][s|S][e|E][r|R][v|V][e|E][r|R]))(^(?!.*[L|l][O|o][C|c][A|a][L|l][H|h][O|o][S|s][T|t]))(^(?!.*[uU][rR][lL]_[pP][rR][o|O][g|G][rR][eE][sS][sS]))(^(?!.*[J|j][d|D][b|B][c|C]))(^(?!.*[a|A][g|G][e|E][n|N][t|T][e|E][s|S]))(^(?!.*[M|m][O|o][N|n][G|g][O|o][D|d][B|b]).*)((.*):([0-9]{2,5})/)"
                    ], 
                    "Extension": ".xml", 
                    "Hardcode": "false", 
                    "Lineas": [
                        {
                            "Linea": 9, 
                            "Texto": "\t\t\t<url>http://Lu2app188:5034/asbctasban11</url>\r\n", 
                            "url": "http://Lu2app188:5034/asbctasban11"
                        }, 
                        {
                            "Linea": 15, 
                            "Texto": "\t\t<url>http://Lu2app188:5034/asbctasaia11</url>\r\n", 
                            "url": "http://Lu2app188:5034/asbctasaia11"
                        }, 
                        {
                            "Linea": 21, 
                            "Texto": "\t\t<url>http://Lu2app188:5034/asbctasclaims11</url>\r\n", 
                            "url": "http://Lu2app188:5034/asbctasclaims11"
                        }, 
                        {
                            "Linea": 27, 
                            "Texto": "\t\t<url>http://ux-desa1:6004/asbredpgm</url>\r\n", 
                            "url": "http://ux-desa1:6004/asbredpgm"
                        }
                    ], 
                    "NombreCad": "IP", 
                    "Repeticiones": 4
                }, 
                {
                    "Archivo": "/home/javamantis1/Documentos/Analizar/AxaServices/SRV-080-MAIN/src/main/resources/config.properties", 
                    "Cadena": [
                        "(^(?!.*[L|l][O|o][C|c][A|a][L|l][H|h][O|o][S|s][T|t]))[uU][rR][lL]_[pP][rR]og[rR][eE][sS][sS](\\s)*"
                    ], 
                    "Extension": ".properties", 
                    "Hardcode": "false", 
                    "Lineas": [
                        {
                            "Linea": 2, 
                            "Texto": "url_progress= //Lu2app188:5034/asbctasban11\r\n"
                        }, 
                        {
                            "Linea": 3, 
                            "Texto": "url_progress2=//Lu2app188:5034/asbctasaia11\r\n", 
                            "url": "url_progress2=//Lu2app188:5034/asbctasaia11"
                        }, 
                        {
                            "Linea": 4, 
                            "Texto": "url_progress3=//Lu2app188:5034/asbctasclaims11", 
                            "url": "url_progress3=//Lu2app188:5034/asbctasclaims11"
                        }
                    ], 
                    "NombreCad": "Progress2", 
                    "Repeticiones": 3
                }, 
                {
                    "Archivo": "/home/javamantis1/Documentos/Analizar/AxaServices/SRV-080-MAIN/src/main/webapp/WEB-INF/o4glconfig.xml", 
                    "Cadena": [
                        "(^(?!.*[s|S][e|E][r|R][v|V][i|I][c|C][i|I][o|O][s|S]).*)(^(?!.*[a|A][p|P][p|P][s|S][e|E][r|R][v|V][e|E][r|R]))(^(?!.*[L|l][O|o][C|c][A|a][L|l][H|h][O|o][S|s][T|t]))(^(?!.*[uU][rR][lL]_[pP][rR][o|O][g|G][rR][eE][sS][sS]))(^(?!.*[J|j][d|D][b|B][c|C]))(^(?!.*[a|A][g|G][e|E][n|N][t|T][e|E][s|S]))(^(?!.*[M|m][O|o][N|n][G|g][O|o][D|d][B|b]).*)((.*):([0-9]{2,5})/)"
                    ], 
                    "Extension": ".xml", 
                    "Hardcode": "false", 
                    "Lineas": [
                        {
                            "Linea": 9, 
                            "Texto": "\t\t<url>http://ux-desa1:6000/asbsaludweb</url>\r\n", 
                            "url": "http://ux-desa1:6000/asbsaludweb"
                        }, 
                        {
                            "Linea": 15, 
                            "Texto": "\t\t<url>http://ux-desa1:6004/asbredpgm</url>\r\n", 
                            "url": "http://ux-desa1:6004/asbredpgm"
                        }
                    ], 
                    "NombreCad": "IP", 
                    "Repeticiones": 2
                }
            ], 
            "Nombre": "Sin hardcode", 
            "Numero": "1"
        }, 
        {
            "Archivos": [], 
            "Nombre": "HardCode", 
            "Numero": "2"
        }
    ]
}