{
    "Aplicacion": "SRV-100PDP-154", 
    "Prioridades": [
        {
            "Archivos": [], 
            "Nombre": "comentarios", 
            "Numero": "3"
        }, 
        {
            "Archivos": [
                {
                    "Archivo": "/home/javamantis1/Documentos/Analizar/AxaServices/SRV-100PDP-154/cuentasBancariasDeploy/qa2/cuentasBancarias-qa2.properties", 
                    "Cadena": [
                        "(^(?!.*[L|l][O|o][C|c][A|a][L|l][H|h][O|o][S|s][T|t]))(.*)[s|S][e|E][r|R][v|V][i|I][c|C][i|I][o|O][s|S][w|W][e|E][b|B](.*)"
                    ], 
                    "Extension": ".properties", 
                    "Hardcode": "false", 
                    "Lineas": [
                        {
                            "Linea": 3, 
                            "Texto": "EndpointCtasBancarias=http://servicioswebqa.axa.com.mx:9275/CuentaBancariaWS/CuentaBancariaSoapEndpoint\r\n", 
                            "url": "http://servicioswebqa.axa.com.mx:9275/CuentaBancariaWS/CuentaBancariaSoapEndpoint"
                        }
                    ], 
                    "NombreCad": "Datapower", 
                    "Repeticiones": 1
                }, 
                {
                    "Archivo": "/home/javamantis1/Documentos/Analizar/AxaServices/SRV-100PDP-154/cuentasBancariasDeploy/qa/cuentasBancarias-qa.properties", 
                    "Cadena": [
                        "(^(?!.*[L|l][O|o][C|c][A|a][L|l][H|h][O|o][S|s][T|t]))(.*)[s|S][e|E][r|R][v|V][i|I][c|C][i|I][o|O][s|S][w|W][e|E][b|B](.*)"
                    ], 
                    "Extension": ".properties", 
                    "Hardcode": "false", 
                    "Lineas": [
                        {
                            "Linea": 3, 
                            "Texto": "EndpointCtasBancarias=http://servicioswebqa.axa.com.mx:7902/CuentaBancariaWS/CuentaBancariaSoapEndpoint\r\n", 
                            "url": "http://servicioswebqa.axa.com.mx:7902/CuentaBancariaWS/CuentaBancariaSoapEndpoint"
                        }
                    ], 
                    "NombreCad": "Datapower", 
                    "Repeticiones": 1
                }, 
                {
                    "Archivo": "/home/javamantis1/Documentos/Analizar/AxaServices/SRV-100PDP-154/cuentasBancariasDeploy/dev/cuentasBancarias-dev.properties", 
                    "Cadena": [
                        "(^(?!.*[L|l][O|o][C|c][A|a][L|l][H|h][O|o][S|s][T|t]))(.*)[s|S][e|E][r|R][v|V][i|I][c|C][i|I][o|O][s|S][w|W][e|E][b|B](.*)"
                    ], 
                    "Extension": ".properties", 
                    "Hardcode": "false", 
                    "Lineas": [
                        {
                            "Linea": 3, 
                            "Texto": "EndpointCtasBancarias=http://servicioswebdev.axa.com.mx:7902/CuentaBancariaWS/CuentaBancariaSoapEndpoint\r\n", 
                            "url": "http://servicioswebdev.axa.com.mx:7902/CuentaBancariaWS/CuentaBancariaSoapEndpoint"
                        }
                    ], 
                    "NombreCad": "Datapower", 
                    "Repeticiones": 1
                }, 
                {
                    "Archivo": "/home/javamantis1/Documentos/Analizar/AxaServices/SRV-100PDP-154/cuentasBancariasDeploy/prod/cuentasBancarias-prod.properties", 
                    "Cadena": [
                        "(^(?!.*[L|l][O|o][C|c][A|a][L|l][H|h][O|o][S|s][T|t]))(.*)[s|S][e|E][r|R][v|V][i|I][c|C][i|I][o|O][s|S][w|W][e|E][b|B](.*)"
                    ], 
                    "Extension": ".properties", 
                    "Hardcode": "false", 
                    "Lineas": [
                        {
                            "Linea": 3, 
                            "Texto": "EndpointCtasBancarias=http://serviciosweb.axa.com.mx:9275/CuentaBancariaWS/CuentaBancariaSoapEndpoint\r\n", 
                            "url": "http://serviciosweb.axa.com.mx:9275/CuentaBancariaWS/CuentaBancariaSoapEndpoint"
                        }
                    ], 
                    "NombreCad": "Datapower", 
                    "Repeticiones": 1
                }
            ], 
            "Nombre": "Sin hardcode", 
            "Numero": "1"
        }, 
        {
            "Archivos": [], 
            "Nombre": "HardCode", 
            "Numero": "2"
        }
    ]
}